"Engagement","Cover"
0.0993546189257668,"A"
0.180364332422208,"A"
0.0784371387589953,"A"
0.321528080213779,"A"
0.194950777181536,"A"
0.0799531615881985,"A"
0.210742905242849,"A"
0.235832470512922,"A"
0.219578135165349,"A"
0.131461161284364,"A"
0.313178116845085,"A"
0.200984323641143,"A"
0.0998759419458196,"A"
-0.05946998871775,"A"
0.274493091814311,"A"
0.157506639098477,"A"
0.160380973690105,"A"
0.25638362106853,"A"
0.244122119509809,"A"
0.221390132121751,"A"
0.253897737160822,"A"
0.240213630073107,"A"
0.169456498336519,"A"
-0.0369351695863373,"A"
0.223982574789471,"A"
0.1563871260471,"A"
0.146420449329467,"A"
0.0149247616100726,"A"
0.114184994489138,"A"
0.20379415601997,"A"
0.297867955152904,"A"
0.1517212272657,"A"
0.200767161155937,"A"
0.156619495941709,"A"
0.0242940443171393,"A"
0.120500543670032,"A"
0.122571004628965,"A"
0.156068660328881,"A"
0.272002537198388,"A"
0.238317574845754,"A"
0.145547640374641,"A"
0.136663831986349,"A"
0.231696337540474,"A"
0.217666319867366,"A"
0.093124430545048,"A"
0.091250484303788,"A"
0.198458196213683,"A"
0.238853292451542,"A"
0.150765378784977,"A"
0.250110772645421,"A"
0.201810588036707,"A"
0.100797360674923,"A"
0.196111969142442,"A"
0.0490636903919207,"A"
0.305302370170104,"A"
0.360039989850586,"A"
0.125277852353349,"A"
0.0575865373683469,"A"
0.218971962744241,"A"
0.148494539611918,"A"
0.402161776050478,"A"
0.158075999726683,"A"
0.230973936245078,"A"
0.164800215878067,"A"
0.0876726791117595,"A"
0.180879229951434,"A"
-0.0184958628891038,"A"
0.308555486156289,"A"
0.17732533382119,"A"
0.379261167036215,"A"
0.209550952889966,"A"
0.0910053569078186,"A"
0.223072635348906,"A"
0.0685902368355748,"A"
0.0366366599760898,"A"
0.191144623551746,"A"
0.117670812678157,"A"
0.162110535163162,"A"
0.169434132415166,"A"
0.103047905381193,"A"
0.10513312671815,"A"
0.148482138487617,"A"
0.27980869965732,"A"
0.0096433199570238,"A"
0.221394618762842,"A"
0.195295037121352,"A"
0.268309983727636,"A"
0.13158160763657,"A"
0.199001880991629,"A"
0.188709879077223,"A"
0.107747996900835,"A"
0.282786780598317,"A"
0.278040261569495,"A"
0.2320213649515,"A"
0.320683345454085,"A"
0.21784864255653,"A"
0.0343407791541963,"A"
0.104673458576311,"A"
0.0395387385101644,"A"
0.114659936356069,"A"
0.0999633322775876,"A"
0.166211587314424,"A"
0.0709078351447554,"A"
0.177802877240407,"A"
0.0965415356081182,"A"
0.338728726937265,"A"
0.233670747601721,"A"
0.253017422949523,"A"
0.200418535782634,"A"
0.330217608051942,"A"
0.0984263546051023,"A"
0.115835526963943,"A"
0.305228223854166,"A"
0.0969303646689633,"A"
0.141261925639803,"A"
0.122719207055802,"A"
0.130000713145149,"A"
0.134088669702344,"A"
0.211418833126783,"A"
0.144266951773039,"A"
0.111404253788574,"A"
0.296303882517041,"A"
0.140542059145313,"A"
0.144044346995661,"A"
0.151980925878644,"A"
0.233266630705141,"A"
0.154643559587367,"A"
0.158236582853295,"A"
0.0938339521244343,"A"
0.129572972775368,"A"
0.168016044043452,"A"
0.103110551374034,"A"
0.215149619263257,"A"
0.0101605918213213,"A"
0.192655786078977,"A"
0.00835501764624139,"A"
0.131902387316339,"A"
0.109172009555499,"A"
0.0967905219319001,"A"
0.156310322215261,"A"
-0.0294359425680012,"A"
0.279658331201856,"A"
-0.00449724362120033,"A"
0.115646959852761,"A"
0.0504079894957155,"A"
0.0869180998806552,"A"
0.370716654562835,"A"
0.163739561969325,"A"
0.0333699469565674,"A"
-0.00206055344185785,"A"
0.207018710127266,"A"
0.160144016728536,"A"
0.130193162545616,"A"
0.0690637852546298,"A"
0.0132539689858515,"A"
0.0544807703384319,"A"
0.262002880371391,"A"
0.0998733305203177,"A"
0.0235573152615509,"A"
0.348929062242358,"A"
0.204510037737245,"A"
0.138135289908697,"A"
0.267848304870902,"A"
0.250642265137494,"A"
0.100075695176885,"A"
0.382610246454047,"A"
0.136497296985898,"A"
0.0195505349787192,"A"
0.147560039804578,"A"
0.182753833923234,"A"
0.392797839905936,"A"
0.172580236789371,"A"
0.207699880542341,"A"
0.154284706464347,"A"
0.128599915763346,"A"
0.158527397168872,"A"
0.240763960563016,"A"
0.369524500865228,"A"
0.264739243876377,"A"
0.28279083983867,"A"
0.0388676578441956,"A"
0.260389557005338,"A"
0.183992480366065,"A"
0.0152749970907757,"A"
0.214102274264814,"A"
0.146124539528398,"A"
0.30845873119698,"A"
0.0853918000395335,"A"
0.118978824607145,"A"
0.0693890502622563,"A"
0.144289603856346,"A"
0.202201177948634,"A"
0.0888251826880394,"A"
0.245037316798167,"A"
0.0411917213695535,"A"
0.0572015587192258,"A"
0.306115770684428,"A"
0.0604152534695351,"A"
0.203197471231751,"A"
0.123892394889108,"A"
0.202940183965093,"A"
0.330887328620405,"A"
0.320658843344197,"A"
0.128909219931723,"A"
-0.0665235535292467,"A"
0.411766158983416,"A"
0.228706616676549,"A"
0.21613273359637,"A"
0.160660047685409,"A"
0.213010842295293,"A"
0.145562416823033,"A"
0.204069464325451,"A"
0.121975325602236,"A"
0.024979212245254,"A"
0.260783826745488,"A"
0.313974502549955,"A"
0.131125943077439,"A"
0.0366710244392309,"A"
0.226224130567782,"A"
0.157529086310602,"A"
-0.0113218406824838,"A"
0.162213185968027,"A"
0.0989699666071854,"A"
0.127903142013959,"A"
0.0463427637364147,"A"
0.342314190791747,"A"
0.128886796360878,"A"
0.00144865877469225,"A"
0.181719343873948,"A"
0.188317564640547,"A"
0.0634173299590709,"A"
-0.126892067167955,"A"
0.0979518297434885,"A"
0.219050763592048,"A"
0.156027672395739,"A"
0.152182125599477,"A"
0.218082072862012,"A"
0.0433541361420526,"A"
0.271677704427424,"A"
0.161465597172183,"A"
0.232731066739808,"A"
0.265410773473746,"A"
0.18434804149153,"A"
0.0741292387133981,"A"
0.278296455596733,"A"
-0.0380164944785475,"A"
0.107520925999828,"A"
0.136432929084301,"A"
0.145387896323499,"A"
0.264046390878411,"A"
0.175622189310278,"A"
0.202716760342384,"A"
0.15503451869871,"A"
0.137233565838067,"A"
0.231555080661964,"A"
0.27662283572158,"A"
-0.0783096214891872,"A"
0.219273955524584,"A"
0.199472440677865,"A"
0.119473227844392,"A"
0.257101280757682,"A"
0.123076281828162,"A"
0.133566933820043,"A"
0.24774097780798,"A"
0.33396272991206,"A"
0.189005490093723,"A"
0.119781599021236,"A"
0.0430886705140415,"A"
0.128896702112099,"A"
0.0680170673489979,"A"
0.136106741688122,"A"
0.201437916822157,"A"
0.0768142907976137,"A"
0.426916688109488,"A"
0.177601167566508,"A"
0.275020726745494,"A"
-0.0669123979840106,"A"
0.236100115719544,"A"
0.0303754839548438,"A"
0.253980367760914,"A"
0.201813015545196,"A"
0.121247142073023,"A"
0.294425863017727,"A"
0.091876833075308,"A"
0.103938569575946,"A"
0.0618927818974581,"A"
0.0951821393246607,"A"
0.256518495337308,"A"
0.205370214954516,"A"
0.262515921767704,"A"
0.122988133594632,"A"
0.199637029177465,"A"
0.186416492448649,"A"
0.0193742657617462,"A"
0.339842928747545,"A"
0.175444766093368,"A"
0.238559899915786,"A"
0.257513667690898,"A"
0.156943429855773,"A"
0.131418458023303,"A"
0.251367370242551,"A"
0.0572701850938705,"A"
0.359133738622415,"A"
0.123636789371164,"A"
0.327414530227499,"A"
0.313221269395063,"A"
0.170296573358591,"A"
0.21872209148515,"A"
0.059545152046554,"A"
0.194300650302244,"A"
0.266361245835618,"A"
0.17190784868972,"A"
0.116586309084564,"A"
0.096421814754956,"A"
0.158407757737749,"A"
0.26891614606768,"A"
0.113602506969872,"A"
0.149898988867256,"A"
0.0325859996179159,"A"
0.211431283601486,"A"
0.292790152011415,"A"
0.311704100940278,"A"
0.243470273089736,"A"
-0.0249788790202613,"A"
0.210202950412376,"A"
0.20761356033012,"A"
0.126659971417009,"A"
0.179048947094798,"A"
0.0755964045873096,"A"
0.229923077401566,"A"
0.12928989853469,"A"
0.0050917814856048,"A"
0.125254924382952,"A"
0.298443492906985,"A"
0.128571863526884,"A"
0.23527500422091,"A"
0.256658564019779,"A"
0.162439870432637,"A"
0.126767769445015,"A"
0.10903044908665,"A"
0.23595892255748,"A"
0.0556542584517188,"A"
0.18662108435364,"A"
0.133050063343569,"A"
-0.0644889356487944,"A"
0.0211149543926806,"A"
0.253601932879257,"A"
0.14287210494648,"A"
0.242328321613365,"A"
0.350747446330861,"A"
0.309388118110914,"A"
0.2297268492313,"A"
0.199996268656674,"A"
0.142720157354267,"A"
0.31978917949044,"A"
0.221623410931845,"A"
0.0446423059128641,"A"
0.146435746510968,"A"
-0.0298909820269841,"A"
0.142474115388936,"A"
-0.0972327669945987,"A"
0.293400216719805,"A"
0.0984456998967865,"A"
0.119002116130581,"A"
0.145068166769804,"A"
0.223221817398913,"A"
0.22983401772227,"A"
0.218795197247167,"A"
0.104745739607387,"A"
0.025670874372166,"A"
0.12312777556621,"A"
0.189791413245054,"A"
0.0796918878427975,"A"
0.155115906552154,"A"
0.0452337673870201,"A"
0.161169098578439,"A"
0.174885540159741,"A"
0.1474124371539,"A"
0.145608904326393,"A"
0.338355200278492,"A"
0.238258651241832,"A"
0.273143108073063,"A"
0.0696793047170169,"A"
0.178434183842796,"A"
0.277482518709727,"A"
0.156347857547351,"A"
-0.0509360648234652,"A"
0.196484576209946,"A"
-0.028495544558553,"A"
0.0808829846859783,"A"
0.29440043212996,"A"
0.223563684930267,"A"
0.271166895553536,"A"
0.192660486151363,"A"
0.150984123751714,"A"
0.0695687226872716,"A"
0.32129137537192,"A"
0.166501059812188,"A"
0.0904871599332118,"A"
0.248522309971714,"A"
0.26944409582779,"A"
0.351565477419858,"A"
0.101700269639491,"A"
0.122913217927686,"A"
0.120377796846981,"A"
0.124434257717961,"A"
0.125336905429764,"A"
0.132432254729911,"A"
0.306182041019987,"A"
0.0922461708086959,"A"
0.123183249407864,"A"
0.227253645217152,"A"
0.274477244653513,"A"
0.0847889196976072,"A"
0.111191378386171,"A"
0.214362059049802,"A"
0.263775422653797,"A"
0.136883541191202,"A"
0.019000655261139,"A"
0.332912103210088,"A"
0.305506957231163,"A"
0.090962885415012,"A"
0.155493242634442,"A"
-0.0139468735365932,"A"
0.21897229718191,"A"
0.323234679820178,"A"
-0.00172806471047163,"A"
0.0840431486798253,"A"
0.0978823066249436,"A"
0.0938868606428844,"A"
-0.041328559561795,"A"
0.212096355924791,"A"
0.00882018600342574,"A"
0.159500236072174,"A"
0.221298472102529,"A"
0.142180457851536,"A"
0.251200839247353,"A"
0.159428492908185,"A"
0.0972339549414335,"A"
0.226635941503464,"A"
0.118616725997041,"A"
0.33926111849785,"A"
0.160174028883699,"A"
0.247281499360053,"A"
0.182516290324403,"A"
-0.138804859892048,"A"
0.0253888068671017,"A"
0.119589773985519,"A"
0.185680366374556,"A"
-0.072272312035896,"A"
0.258169663338071,"A"
0.101557426614556,"A"
0.0867122720637087,"A"
0.00643884074557541,"A"
0.0166106261998942,"A"
0.167633183605441,"A"
0.212936940667389,"A"
-0.04778829597843,"A"
0.0615638020550665,"A"
0.215577172225259,"A"
0.116696291535008,"A"
0.378536850181726,"A"
0.286574667274811,"A"
0.22154980340696,"A"
0.162488444953819,"A"
0.189936078205526,"A"
0.0914093874732374,"A"
0.224801715295725,"A"
0.31002139600857,"A"
0.270342991008328,"A"
0.0806755743335909,"A"
0.000112315077641173,"A"
0.151034430051176,"A"
0.206088937091698,"A"
0.29709939798086,"A"
0.0301390515466436,"A"
0.198438459260745,"A"
0.185349983508852,"A"
0.281395526125905,"A"
0.159209002787042,"A"
0.126270114549575,"A"
0.0473185863881633,"A"
0.110257951640638,"A"
0.125787622742173,"A"
0.397055432578911,"A"
0.406653137569996,"A"
0.145329672051572,"A"
0.0576332560938112,"A"
-0.0352934934074673,"A"
0.213467163343803,"A"
0.0529426416265143,"A"
0.390465932554436,"A"
0.0734382427342041,"A"
0.173110642974572,"A"
0.543027668071067,"A"
0.0511090002056747,"A"
0.192756662442145,"A"
0.0513105527774837,"A"
0.196765364882196,"A"
0.0746735464937956,"A"
0.169730312273692,"A"
0.132313135784338,"A"
0.0436757759567331,"A"
0.16312926884239,"A"
0.261160103605937,"A"
0.321396745390374,"A"
0.024728872907083,"A"
0.137038906695768,"A"
0.277942452685555,"A"
0.0505777652156403,"A"
-0.0908500688850389,"A"
0.0684097441486688,"A"
0.0652760542064435,"A"
0.16674885923278,"A"
0.121626320650197,"A"
0.185149612824463,"A"
0.119762759207325,"A"
0.19941183946953,"A"
0.125399422500299,"A"
0.281010144652106,"A"
0.0882672474742771,"A"
0.191066664543927,"A"
0.0735150431715545,"A"
0.182800647887083,"A"
0.157226982752147,"A"
-0.00645206461385925,"A"
0.147577344338105,"A"
0.280021366550265,"A"
0.23013999231995,"A"
0.176324763088755,"A"
0.0427683556287084,"A"
0.278922865278909,"A"
0.169920170894537,"A"
0.116822624723132,"A"
0.326202821280077,"A"
0.0850407678400482,"A"
0.192336096075785,"A"
0.290173742118351,"A"
0.222222279517043,"A"
0.131297773546316,"A"
0.120158189657736,"A"
0.197513553004608,"A"
0.213348111459956,"A"
0.163860740032874,"A"
0.293844897225668,"A"
0.155416800016185,"A"
0.0919703921682296,"A"
0.215732613152134,"A"
-0.0581782322353918,"A"
0.201197374379841,"A"
0.211696095242372,"A"
0.13951252845701,"A"
0.0502856834668115,"A"
0.122500539668612,"A"
0.316983034223631,"A"
0.0876485520201334,"A"
-0.0711712117729573,"A"
0.243224544220921,"A"
0.111868934279865,"A"
0.110911343404764,"A"
0.0404635958844989,"A"
0.159744137165278,"A"
0.232123930042971,"A"
0.10325179744102,"A"
0.101327205858121,"A"
0.271664021500029,"A"
0.13724903229197,"A"
0.146009828667675,"A"
0.0994221749264925,"A"
0.252043463560024,"A"
0.0625806370733775,"A"
0.246925038588036,"A"
0.242570228897644,"A"
0.115239906400878,"A"
0.246842031372334,"A"
0.260676986359602,"A"
0.219562028851936,"A"
0.364484204541817,"A"
-0.034235319122504,"A"
0.0455079069362413,"A"
0.0243480786269165,"A"
0.178767993446977,"A"
0.320462907915972,"A"
0.329788895297625,"A"
0.210829669839496,"A"
0.249867326256032,"A"
0.147512512597012,"A"
0.208897176007421,"A"
0.199623547712948,"A"
0.0858959724943519,"A"
0.132670506624914,"A"
0.148515873559248,"A"
0.301384581617302,"A"
0.0583011310301707,"A"
-0.0494335147803658,"A"
0.23882782182044,"A"
0.0803839379246515,"A"
0.118389307683943,"A"
0.252470503128281,"A"
0.0856913735451683,"A"
0.12789330203622,"A"
0.312242453423459,"A"
0.21483077123164,"A"
0.216219135546431,"A"
0.148332664428212,"A"
0.0483266146697268,"A"
0.0123372845644206,"A"
0.13966143564434,"A"
0.362171922777288,"A"
0.184170381621362,"A"
0.178437290924639,"A"
0.195262360885001,"A"
0.123479200090857,"A"
0.0221245973442107,"A"
0.429574079585182,"A"
0.119631391131802,"A"
0.132139848806694,"A"
-0.0172341726852975,"A"
0.13719917749319,"A"
0.137269608162539,"A"
0.136448962147365,"A"
-0.0166938100092568,"A"
0.340466281602476,"A"
0.338358634774588,"A"
0.23096002219341,"A"
0.0519259355576078,"A"
0.233450935689781,"A"
0.137352968306598,"A"
0.13002138340728,"A"
0.29826442929547,"A"
0.0392117410017319,"A"
0.110878076724953,"A"
0.0888805000935037,"A"
0.163975200687679,"A"
0.00471360852900113,"A"
0.0916666730171712,"A"
0.233593208890767,"A"
0.208521490642311,"A"
0.0646097693595708,"A"
0.217921773046833,"A"
-0.0812639745405666,"A"
0.127951507329785,"A"
0.233303319485023,"A"
0.0960962613510872,"A"
0.158359737743351,"A"
0.00267136984730934,"A"
0.246779279724777,"A"
-0.0230388848660613,"A"
0.129634936830969,"A"
0.136475188749683,"A"
0.168092122730675,"A"
0.0796508370981122,"A"
0.344973048483604,"A"
0.0190083784218498,"A"
0.187413714300459,"A"
-0.131977369533598,"A"
0.162241580894348,"A"
0.212966557126194,"A"
0.0535279998886039,"A"
0.232483297687757,"A"
0.195097634999421,"A"
0.259632747297637,"A"
0.0776660119601264,"A"
0.0649420095137087,"A"
-0.0151531348642931,"A"
0.129752965835405,"A"
0.0281199257645499,"A"
0.230815602814606,"A"
0.169128065225058,"A"
0.380975235927918,"A"
0.0462292400698522,"A"
0.280168806409233,"A"
0.109263163839182,"A"
0.0163371988689244,"A"
0.219296737049317,"A"
0.0186622295327793,"A"
0.05648149814735,"A"
0.0886888122578048,"A"
0.18309072642513,"A"
0.062107927293899,"A"
0.269785032320562,"A"
0.0421025617492125,"A"
0.183663703518471,"A"
0.176308702978893,"A"
0.055424990894702,"A"
0.119137658929822,"A"
0.0963820523228654,"A"
0.257939432685761,"A"
0.317605263610222,"A"
0.0579203566211754,"A"
0.255057240854025,"A"
0.154455406898781,"A"
-0.034719534905096,"A"
0.0864096357354806,"A"
0.208114916050676,"A"
0.176510663104787,"A"
-0.0822311321081423,"A"
0.220031868545157,"A"
0.227505199848675,"A"
0.131549116274058,"A"
0.0912431767382703,"A"
0.359157201447823,"A"
0.153000131935225,"A"
0.160598274806808,"A"
0.0496543062889846,"A"
0.0275869876623794,"A"
0.00968442289379121,"A"
0.119803178961783,"A"
0.298092446408098,"A"
0.337379484533487,"A"
0.318836473435279,"A"
0.291675556994775,"A"
0.138240374855639,"A"
0.0395849864319294,"A"
0.129218731985993,"A"
-0.079245027627225,"A"
0.130620712655661,"A"
0.327987870464572,"A"
0.175095310060752,"A"
0.271588868268959,"A"
0.210934095694391,"A"
0.0841089704551347,"A"
0.336355935292935,"A"
0.154161271466893,"A"
0.0644446207477452,"A"
0.169065982473857,"A"
0.0101400471176805,"A"
0.248377903279132,"A"
0.212156838536437,"A"
0.126521867035301,"A"
0.113157111240881,"A"
0.25562939472927,"A"
0.0557591613577858,"A"
0.0636179128295612,"A"
0.204424787702008,"A"
0.116868651944737,"A"
0.25450847967239,"A"
0.142137919018769,"A"
0.28148510169004,"A"
0.211554470518015,"A"
-0.0625152574092972,"A"
0.028462863958178,"A"
0.290277520617769,"A"
0.231079590417371,"A"
0.0652937332141691,"A"
0.0274206314979892,"A"
0.265366538931573,"A"
0.0808223540336946,"A"
0.342172547861817,"A"
0.339154196037941,"A"
0.0165308630197609,"A"
0.0774345687424363,"A"
0.0369520340675819,"A"
0.228728806790418,"A"
0.032923031236237,"A"
-0.0415003538468906,"A"
0.364134699449252,"A"
0.262597348761217,"A"
0.2437123601225,"A"
0.0956011716422756,"A"
0.16087187687496,"A"
0.223967725620979,"A"
0.0338761258035797,"A"
0.149573867362395,"A"
0.179574165450177,"A"
0.331277379447271,"A"
0.226213271720693,"A"
0.290223303234921,"A"
0.176054697354738,"A"
0.0507497316819431,"A"
0.12803230280381,"A"
-0.00447646392624748,"A"
0.254885176172027,"A"
0.303682683471578,"A"
0.155727922237299,"A"
0.0639097663902129,"A"
0.270715025123701,"A"
0.175932702656069,"A"
0.123372790232622,"A"
0.274358542318002,"A"
0.0860154342642407,"A"
0.276895910322904,"A"
0.077752374106325,"A"
0.201141334039277,"A"
0.251137724231864,"A"
0.0284741287445675,"A"
0.201812347783493,"A"
0.150841319705117,"A"
0.229574391664229,"A"
0.0831402064620782,"A"
0.153301366594251,"A"
0.300228400775579,"A"
0.178849016380803,"A"
0.244319094827512,"A"
0.139910540238356,"A"
0.0590608345285289,"A"
0.160907430915287,"A"
0.0395008844559227,"A"
-0.0976111388449971,"A"
0.278912259199149,"A"
0.051309118302257,"B"
-0.0226083012646414,"B"
0.259528180729257,"B"
0.158813821856926,"B"
0.100037160524839,"B"
0.14220520133979,"B"
0.11740186581977,"B"
0.259665877645507,"B"
0.232766070850153,"B"
-0.0126630595863507,"B"
0.195339849564175,"B"
0.232681366589956,"B"
0.22682609759767,"B"
-0.0824317309284213,"B"
0.136464257498472,"B"
0.357963332091796,"B"
0.239679453863953,"B"
-0.0109276180645864,"B"
-0.00636687118834367,"B"
0.209110955231555,"B"
0.142594451442771,"B"
0.256129056387748,"B"
0.189382666167731,"B"
0.168099936350917,"B"
0.178366184279928,"B"
0.176625503539133,"B"
0.0330400933785747,"B"
0.394949332061946,"B"
0.0187994592574666,"B"
0.158303850721776,"B"
0.105568064737834,"B"
0.340011233335541,"B"
0.261144017617923,"B"
0.103628344409337,"B"
0.180542079537502,"B"
0.276546195019875,"B"
0.38363228395069,"B"
0.190226507616885,"B"
0.0557493397768971,"B"
0.0616457686504189,"B"
0.360571858043419,"B"
-0.0470571483857481,"B"
0.465574236888186,"B"
0.13386494059127,"B"
0.114560674088628,"B"
0.175756055546395,"B"
0.253338872786526,"B"
0.190282827583435,"B"
-0.0356150222472479,"B"
0.195353670946937,"B"
0.205042451374242,"B"
0.22595508705345,"B"
0.0568579272392614,"B"
-0.077102288136148,"B"
0.127542369217548,"B"
0.065570124909026,"B"
0.0834110001556899,"B"
0.0646220733280082,"B"
0.120199555014548,"B"
0.128878293707639,"B"
0.239609271323983,"B"
0.258642834387578,"B"
0.0805468337582574,"B"
0.129118202848479,"B"
0.196144476602559,"B"
0.299879110483802,"B"
0.15439295803576,"B"
-0.00988734915541081,"B"
0.18318525451413,"B"
0.148090932902944,"B"
0.337249285346043,"B"
0.19434221654436,"B"
0.0976950217645272,"B"
0.116047770617147,"B"
0.109470321045452,"B"
0.178603513715747,"B"
0.177641779759948,"B"
0.251584820682478,"B"
0.192017672618094,"B"
0.123331270287868,"B"
0.0659388704820263,"B"
0.223470293141953,"B"
0.153751151767167,"B"
0.178283786769179,"B"
0.270364101842281,"B"
0.335203561864876,"B"
0.0646183539864447,"B"
0.324408045682029,"B"
0.0733266470549081,"B"
0.186635219219477,"B"
0.182237049485536,"B"
0.132309149010767,"B"
0.299425304101804,"B"
0.0941088000221994,"B"
0.226053128051329,"B"
0.15867442998567,"B"
0.0668519701269157,"B"
0.281468914346638,"B"
-0.0488340365508832,"B"
0.107384753058738,"B"
0.00585974330927411,"B"
0.179432106990127,"B"
0.186442254944098,"B"
0.0481264831290253,"B"
0.225095295614707,"B"
0.0567099761417997,"B"
0.225920149941798,"B"
0.183782939962771,"B"
0.231527594710452,"B"
0.066151696080615,"B"
0.16953540096781,"B"
0.113718058004366,"B"
0.0131117843905435,"B"
0.175268650552153,"B"
0.337376261131718,"B"
0.0951929066484952,"B"
0.14001825243318,"B"
0.228924373297718,"B"
0.163614550983659,"B"
0.354353631225286,"B"
0.233721373378987,"B"
0.392133393302204,"B"
0.194890934629397,"B"
0.0466083338724083,"B"
0.202133526790432,"B"
0.0675443743185814,"B"
0.0592937633880664,"B"
0.141052566989639,"B"
0.25339167001786,"B"
0.194390999957798,"B"
0.241402027646355,"B"
0.25153410022806,"B"
0.142814786957774,"B"
-0.0802231113609063,"B"
0.239590685173084,"B"
0.376911586935979,"B"
0.165838349945969,"B"
0.0245085550472316,"B"
0.123244923444595,"B"
0.0665482420844754,"B"
0.155836077992838,"B"
0.227611200555664,"B"
0.246643614680554,"B"
0.183517502481331,"B"
0.0666029866723568,"B"
0.24132521672816,"B"
0.294831855513005,"B"
0.385188277593107,"B"
0.110634756553408,"B"
0.20740925991525,"B"
0.279369166611409,"B"
0.148360452847788,"B"
0.212485855576848,"B"
0.181442148127842,"B"
0.146555046546314,"B"
0.176850910287503,"B"
0.256473276953,"B"
0.20087789140044,"B"
0.113356178482549,"B"
-0.0639782975821766,"B"
0.0804936814875164,"B"
0.158004488265636,"B"
-0.0914425121964313,"B"
0.381095203169735,"B"
0.0111237770087229,"B"
0.0439248124380769,"B"
0.305773822495573,"B"
-0.0589875948719991,"B"
0.233906268112837,"B"
0.125599123145724,"B"
0.205587674151169,"B"
0.24781102625448,"B"
0.0641536077087676,"B"
0.089415515425139,"B"
-0.139694930322778,"B"
0.0638947675955156,"B"
0.19801882539167,"B"
0.210506758958203,"B"
0.362705600379976,"B"
0.166462702873963,"B"
0.206365864840187,"B"
0.167477833269354,"B"
0.111316376416456,"B"
0.234891082086261,"B"
0.206423458088964,"B"
0.172942045839347,"B"
0.0784539348389717,"B"
0.155984954826457,"B"
0.238141697768025,"B"
0.227645274746263,"B"
0.111734747443205,"B"
0.0930886532036491,"B"
0.211280132192226,"B"
0.264890992895349,"B"
0.172105816310294,"B"
0.128670711462047,"B"
0.071932926998855,"B"
0.118071310872781,"B"
0.0117248321978201,"B"
0.0902681800599879,"B"
0.273496508865819,"B"
0.271193184503695,"B"
0.0729222366394657,"B"
0.181073158507284,"B"
0.166939564737446,"B"
-0.00626488528419245,"B"
0.241083998017723,"B"
-0.0312345796047082,"B"
0.0353246571204958,"B"
0.259815444505731,"B"
0.105912725548574,"B"
0.138362420921975,"B"
-0.00219372928419787,"B"
0.0149036034600639,"B"
0.195090973068782,"B"
0.142545307126878,"B"
0.100857152978384,"B"
0.0265972739103924,"B"
0.0502701498807716,"B"
0.363610360936432,"B"
0.127351040662517,"B"
0.237400521202148,"B"
0.238500640067928,"B"
0.236324608034589,"B"
0.189480875956504,"B"
0.0347644075827344,"B"
0.059049624723034,"B"
0.235139119454593,"B"
0.0291646487417239,"B"
0.212754009706365,"B"
0.106646042642266,"B"
0.120162398590636,"B"
0.0810430549505171,"B"
0.136985886372945,"B"
0.24771848416518,"B"
0.205373317754117,"B"
0.136753585227659,"B"
0.247000552469028,"B"
0.325600373414682,"B"
0.159363107108516,"B"
0.207048945310776,"B"
0.187821864906474,"B"
0.0622097058981888,"B"
0.067341385785405,"B"
0.35197704626212,"B"
0.248127778777618,"B"
0.234208177192648,"B"
0.174757340404943,"B"
0.208538856499227,"B"
0.175185603954598,"B"
0.164199875408727,"B"
0.182342231194305,"B"
0.0589534913995785,"B"
0.400122210197122,"B"
0.240196179027088,"B"
0.134879204104435,"B"
0.281288937082924,"B"
0.0972741913995121,"B"
0.331115850747586,"B"
0.120562644697724,"B"
-0.072149085645191,"B"
0.296411919539957,"B"
0.273222913272875,"B"
0.0825683680641291,"B"
0.0189625034006413,"B"
-0.0234527580696644,"B"
0.133098646206957,"B"
-0.0233928577279667,"B"
0.0785531981225025,"B"
0.176357212237862,"B"
0.24555192220504,"B"
0.0780036873120262,"B"
0.147639724002432,"B"
0.185494823604143,"B"
0.331892633823732,"B"
0.0641456472472881,"B"
-0.000431026176048094,"B"
-0.0245609421710803,"B"
0.215573718528977,"B"
0.153988080864963,"B"
0.237208630439313,"B"
0.145916061284265,"B"
0.199309392551426,"B"
0.182421857415945,"B"
0.162354198516858,"B"
0.0977037340235212,"B"
0.286200938062639,"B"
0.119422595722423,"B"
0.226676377144248,"B"
0.176463915453013,"B"
0.338152447478717,"B"
0.231121396432388,"B"
0.126230884413763,"B"
0.159085104773265,"B"
0.147469079158657,"B"
-0.0490846096972299,"B"
0.329739389482068,"B"
0.266388115448751,"B"
0.0833383363774728,"B"
0.198200755917038,"B"
0.184189590360699,"B"
0.0467240588947579,"B"
0.308990741365323,"B"
0.135175289503103,"B"
0.178358370794345,"B"
0.200487100943975,"B"
0.0605875530690577,"B"
0.051457067043273,"B"
0.155145744547028,"B"
0.217608560051221,"B"
0.167383053184461,"B"
0.230594557130222,"B"
0.193498010339135,"B"
0.214538780592462,"B"
0.0197094094058732,"B"
0.227705389094388,"B"
0.0810199553857093,"B"
0.11342711105659,"B"
0.149514793476521,"B"
-0.00478510873053364,"B"
0.150046304802864,"B"
0.11601423631568,"B"
0.0881488548061536,"B"
0.104540240366509,"B"
0.284548917675143,"B"
0.0341078649038896,"B"
0.138461551857198,"B"
-0.0871961710119458,"B"
0.0925830679893931,"B"
0.109870281457008,"B"
0.314232578795203,"B"
0.0637981934763242,"B"
0.0727820463558594,"B"
0.0202370382095636,"B"
0.177980516681641,"B"
0.275409198778734,"B"
0.0401466389913512,"B"
0.117427559852598,"B"
0.296630860884751,"B"
0.0915702605341338,"B"
0.228551220837628,"B"
0.198950354281374,"B"
0.0294604076194696,"B"
0.281688801110113,"B"
0.239517401827231,"B"
0.11117974905742,"B"
0.0696006545369837,"B"
0.120958158191307,"B"
0.241406341514541,"B"
0.103575071981657,"B"
-0.0274205318769318,"B"
0.14570952890789,"B"
0.237190400974234,"B"
0.0440882069832458,"B"
0.136208447232966,"B"
0.0377806673977746,"B"
0.171680621292564,"B"
0.146750037198648,"B"
0.156631522396237,"B"
0.097767358177253,"B"
0.0890636538447072,"B"
0.247144541440874,"B"
0.170513801903717,"B"
0.141306473242614,"B"
-0.161318853242083,"B"
0.0324381296836151,"B"
0.236290631788638,"B"
0.119318485655719,"B"
0.0391682216119389,"B"
0.116067734312165,"B"
0.122441925405702,"B"
0.109855760485329,"B"
0.209661257577875,"B"
0.312088093822893,"B"
0.258809182781136,"B"
0.284612253397107,"B"
0.127013267250152,"B"
0.244434471398894,"B"
0.0618924244753684,"B"
0.146077859488254,"B"
0.37854379064735,"B"
0.158717199012139,"B"
0.129469107402931,"B"
0.101578653934769,"B"
0.237126850187266,"B"
0.37061893617618,"B"
0.201215703684704,"B"
0.133873512190604,"B"
0.367378364600369,"B"
0.0821169776559057,"B"
0.27315325132809,"B"
0.117865487191635,"B"
0.0578252629980267,"B"
0.281830537874678,"B"
-0.019976067489539,"B"
0.129175006164928,"B"
0.161551524334874,"B"
0.115768228133307,"B"
-0.0038007732881192,"B"
0.0958598843817149,"B"
0.00429642555493465,"B"
0.352316365296288,"B"
-0.0256829628399857,"B"
-0.050611843559503,"B"
0.229764852694435,"B"
0.250744440772833,"B"
0.140401180111598,"B"
0.13931795120444,"B"
0.23250431704751,"B"
0.29987189554318,"B"
0.000944485057277233,"B"
0.290449707663972,"B"
0.179601173369765,"B"
0.12606565545143,"B"
0.286514414014377,"B"
0.253977368507344,"B"
0.287795248593622,"B"
0.13088398563652,"B"
0.237617244968157,"B"
0.189572563321119,"B"
0.108280044521858,"B"
0.335723302433968,"B"
0.176172681885512,"B"
0.154531562416187,"B"
0.212897160066883,"B"
0.198973452125561,"B"
0.0894228585156454,"B"
0.154682152490757,"B"
0.420644448878565,"B"
0.152740689521673,"B"
0.130372810856967,"B"
0.2334330336062,"B"
0.200148074643659,"B"
0.106169892396027,"B"
0.0517277189082928,"B"
0.244780140750412,"B"
0.171884501500681,"B"
0.208224722277616,"B"
0.130867519527588,"B"
-0.00521102714772695,"B"
0.166909459827588,"B"
0.399057669996185,"B"
0.0138228313698965,"B"
0.0615193707252271,"B"
0.0263946255497045,"B"
0.123486838826695,"B"
0.298145424797967,"B"
0.144668274424582,"B"
0.13444283657601,"B"
0.0311372896402923,"B"
0.166526641700069,"B"
0.263532642142089,"B"
0.386021579186023,"B"
0.291469627531537,"B"
0.0729976654312935,"B"
0.10968699646149,"B"
0.220745555525587,"B"
0.158995858374543,"B"
0.187533029961876,"B"
0.028770121662865,"B"
0.117347013265645,"B"
0.0673595752320099,"B"
0.0671442075388759,"B"
0.0881099397777896,"B"
0.118520943048189,"B"
0.159433210685947,"B"
0.223344891949485,"B"
0.109081922634404,"B"
0.0742991380671272,"B"
0.321616757681286,"B"
0.259386640683833,"B"
0.22968458594058,"B"
0.32999706729654,"B"
0.0622258054737325,"B"
0.364881758195934,"B"
0.282644932416057,"B"
0.19070230119776,"B"
0.222433298392666,"B"
0.166134144245102,"B"
0.148917420857105,"B"
0.00237664399306994,"B"
0.234258984581865,"B"
0.374232339810565,"B"
0.368977295667316,"B"
0.176979432712752,"B"
0.149212221107895,"B"
0.178199449457932,"B"
0.274592817832429,"B"
0.307729882260241,"B"
0.200794415253402,"B"
0.271427873521406,"B"
0.157292415600644,"B"
0.209772220334728,"B"
0.278564001363487,"B"
0.523957362674029,"B"
0.154599740440594,"B"
0.0931852683113384,"B"
0.204580795741534,"B"
0.119417475363622,"B"
0.223528314452157,"B"
0.194124839913454,"B"
0.291616716303968,"B"
0.0640223516338635,"B"
0.0394424788619173,"B"
0.316757305821465,"B"
0.182528579979107,"B"
0.067758934255939,"B"
0.0526227589597809,"B"
0.104764171443761,"B"
0.219046140113699,"B"
0.107272458927508,"B"
0.294184616376387,"B"
0.184384462848659,"B"
0.179588078939431,"B"
0.158448027137377,"B"
0.130242267184822,"B"
0.143232085293856,"B"
0.275647857993652,"B"
0.0261235990782685,"B"
0.268676877525818,"B"
0.124931580330074,"B"
0.23347232445509,"B"
0.154158551621625,"B"
0.0254187095747249,"B"
0.194690526927783,"B"
0.0961595353015782,"B"
0.272439235451868,"B"
0.0772266969185112,"B"
-0.0187780137515453,"B"
0.0745989997435735,"B"
0.102797727764365,"B"
0.0774069321290845,"B"
0.136241590595354,"B"
0.100467350389229,"B"
0.11892578052404,"B"
0.192799143840865,"B"
0.0436353388310299,"B"
0.236017766502241,"B"
0.159744416394961,"B"
0.1561772229085,"B"
-0.0436237419980024,"B"
0.129877092056344,"B"
0.104435389556853,"B"
0.244729541571529,"B"
0.299082051104259,"B"
0.283124621524982,"B"
0.0486662537847848,"B"
0.0803946107336434,"B"
0.151048012285328,"B"
0.0540343112138546,"B"
-0.000431219398006971,"B"
0.239135066602523,"B"
0.166815652805898,"B"
0.221439599972809,"B"
0.0396932247172808,"B"
0.125954516463937,"B"
0.0428751365576892,"B"
0.0770585232364854,"B"
0.182921204180505,"B"
0.0785007081717261,"B"
0.0606554485386553,"B"
0.0293831540990823,"B"
0.0165778228492123,"B"
0.0737152066763329,"B"
0.330379920381416,"B"
0.0944367403526026,"B"
0.0486831374374049,"B"
0.0194494553631638,"B"
0.144935631321236,"B"
0.120599308757122,"B"
0.185206931974788,"B"
0.131729356226804,"B"
0.246766761253418,"B"
0.232009112128767,"B"
0.265606960140852,"B"
0.184350206037839,"B"
0.271436266207131,"B"
0.152344728627512,"B"
0.253292505395037,"B"
0.144201826133085,"B"
0.0918490485197392,"B"
0.0379898908574862,"B"
0.0891087008375632,"B"
0.0851320402158554,"B"
0.217607752614667,"B"
0.154790053606904,"B"
0.0969662826404523,"B"
0.0701663934489254,"B"
0.311268587551728,"B"
0.136325070724539,"B"
0.0351196578403602,"B"
0.116999066361448,"B"
0.169329943646771,"B"
0.243304108871048,"B"
0.151506752188113,"B"
0.171185303901226,"B"
0.0560564057151028,"B"
0.239642281352093,"B"
0.169990337615796,"B"
0.233695975319081,"B"
0.314688133441627,"B"
0.177892097186338,"B"
0.131745340835676,"B"
0.083270122142491,"B"
0.102359575975688,"B"
0.0685144159999237,"B"
0.196991096128738,"B"
0.0132315636698309,"B"
-0.0145361978408083,"B"
0.0932618196078541,"B"
0.268427900648207,"B"
0.172283164143216,"B"
0.11057506052469,"B"
0.22695881839145,"B"
0.124852114666507,"B"
0.148501959911892,"B"
0.167298694180132,"B"
0.268877461255298,"B"
0.289256873846574,"B"
0.288251129409906,"B"
0.257905611829466,"B"
0.192946978342909,"B"
0.34796357177335,"B"
0.364289903105136,"B"
0.292857637262015,"B"
0.138033135626343,"B"
0.0559952568448698,"B"
0.179294978270913,"B"
0.104476374812076,"B"
0.187499088985136,"B"
0.104948659491405,"B"
0.252125989309349,"B"
0.378945599237245,"B"
0.256399479008248,"B"
0.234181847627266,"B"
0.163735656495947,"B"
0.378083368623473,"B"
0.152041479649253,"B"
0.297629502882361,"B"
0.317531667679071,"B"
0.176037697840795,"B"
-0.165322007290293,"B"
0.12700695126863,"B"
0.205708982566259,"B"
0.0295896242565619,"B"
0.030882656115478,"B"
0.250637973166873,"B"
-0.119596149521123,"B"
0.18335605713203,"B"
0.133096406135084,"B"
0.0941454944982858,"B"
0.166334579307058,"B"
0.165447683906499,"B"
0.184700932343664,"B"
0.172403554790576,"B"
0.106474330039239,"B"
0.185848259138596,"B"
0.298770886795755,"B"
0.226717044629968,"B"
0.309704945208069,"B"
0.132511959655629,"B"
0.218307584337073,"B"
0.210335852628182,"B"
0.085675231802475,"B"
0.0783122414546139,"B"
0.347028368106197,"B"
0.0772746955953737,"B"
0.255071269358428,"B"
0.13338276489393,"B"
0.0500917818303395,"B"
0.00657824569263896,"B"
0.0393690140366082,"B"
-0.0350025272859314,"B"
0.0715959970368183,"B"
0.25734059852016,"B"
0.101902868416452,"B"
0.333676738151204,"B"
0.142732468184678,"B"
0.0662007468250938,"B"
0.131540634020695,"B"
0.101098189833304,"B"
0.115606857397109,"B"
0.165999657346923,"B"
0.168223294886521,"B"
0.235839752368718,"B"
0.213966299090334,"B"
0.237664764653249,"B"
0.173217166467444,"B"
0.0793134700209261,"B"
0.204935008578659,"B"
0.201264145683315,"B"
0.119638595088801,"B"
0.121191172252258,"B"
0.269518774784029,"B"
0.294048004305313,"B"
0.171440554667565,"B"
0.120773537971838,"B"
0.325235784319754,"B"
0.035630239122539,"B"
0.0688074129220441,"B"
0.245004347189394,"B"
0.0674687004900749,"B"
0.249358121444121,"B"
0.0658990262188128,"B"
0.213895209410155,"B"
0.141802560189466,"B"
0.249176759496512,"B"
0.292920820523491,"B"
0.149653387479352,"B"
0.221506461072232,"B"
-0.0199772395336201,"B"
0.133729485835699,"B"
0.038985812312158,"B"
0.180447725255087,"B"
0.158600589548809,"B"
0.136479916018111,"B"
0.141168134576205,"B"
0.255128306884051,"B"
0.144598521402651,"B"
0.345424450475186,"B"
-0.0304167354389488,"B"
0.195929970190046,"B"
0.37145349462097,"B"
0.0464251013156837,"B"
0.0803744014215661,"B"
0.120243054984925,"B"
0.169172404154558,"B"
0.136130592586472,"B"
0.113803763630061,"B"
0.35263406073496,"B"
0.172205481482263,"B"
0.269205057650629,"B"
-0.137225747544741,"B"
0.272848905096528,"B"
0.291200012901363,"B"
0.111739202693496,"B"
0.137514100334618,"B"
0.326776531087937,"B"
0.164121853231661,"B"
0.263817484555139,"B"
0.218764293334225,"B"
0.144170042285437,"B"
0.130791458510842,"B"
0.0180101036660785,"B"
-0.0538318025208475,"B"
0.15774998950974,"B"
0.186977095362494,"B"
0.109703060096896,"B"
0.223080739036771,"B"
0.207456520841655,"B"
0.125934093842356,"B"
0.164960155952215,"B"
0.28952631908601,"B"
0.191462420495831,"B"
0.240157250370233,"B"
0.208605889623246,"B"
0.332556105665083,"B"
0.17024328607508,"B"
0.0610162925060664,"B"
0.113955879100111,"B"
0.183766149197159,"B"
0.133060273582909,"B"
0.143044593034336,"B"
0.226486897326661,"B"
0.0824449084794655,"B"
-0.0319261131029245,"B"
0.361933253963338,"B"
0.203521051486901,"B"
0.265016883215485,"B"
0.12878851593496,"B"
0.169361761730455,"B"
-0.0553187750586569,"B"
0.195799307102649,"B"
0.206786481132948,"B"
0.0693311165123661,"B"
0.107065008447325,"B"
0.294357671685515,"B"
0.206943405662348,"B"
0.134689491224958,"B"
0.196910371532843,"B"
0.0253292809549223,"B"
0.27719354256206,"B"
-0.0308736344926296,"B"
0.0595609189376008,"B"
0.227668751365911,"B"
0.275232174421702,"B"
-0.0132759917563306,"B"
0.220130885658606,"B"
0.19416503140745,"B"
0.156471899093428,"B"
0.0973834980204269,"B"
0.0744028790253916,"B"
0.175177784197379,"B"
0.280637269384614,"B"
0.0111422116797332,"B"
0.054962587693124,"B"
0.323787411690859,"B"
0.0392665818796723,"B"
-0.102615508460277,"B"
0.161746326615102,"B"
0.214419402736826,"C"
0.181271983733213,"C"
0.0926549866811038,"C"
0.214280028434122,"C"
0.162261224571752,"C"
0.272143325459061,"C"
0.210094440220954,"C"
0.24933867527098,"C"
0.212547190627877,"C"
0.220805102272887,"C"
0.255984225589101,"C"
-0.0487153520450414,"C"
0.231783826158846,"C"
0.0452763741713915,"C"
0.216315985886833,"C"
0.311475256465827,"C"
0.135169408909221,"C"
0.099183553174075,"C"
0.171373150096042,"C"
0.338542427252084,"C"
0.190105744818669,"C"
0.194876221165297,"C"
0.125356533185596,"C"
0.127232441273588,"C"
0.166012844050795,"C"
0.0210588585550152,"C"
0.303410416568767,"C"
0.146454515166789,"C"
-0.0201002506809871,"C"
0.178254159726163,"C"
0.155903310415639,"C"
0.000801060107747525,"C"
0.384969151122701,"C"
0.0682782388489122,"C"
0.0446450455182361,"C"
0.225130231103092,"C"
0.28332274248505,"C"
0.160411430488611,"C"
0.202731038678075,"C"
0.0697800250012511,"C"
0.275527736854135,"C"
0.211283044591251,"C"
0.190100571319913,"C"
0.254811541429024,"C"
0.279896089479361,"C"
0.106748469098684,"C"
0.228089524011079,"C"
0.0810549691742643,"C"
0.402955904834575,"C"
0.225673659958887,"C"
0.176418455641534,"C"
0.130955729358024,"C"
0.157943338881918,"C"
0.0698790639215011,"C"
0.186347047135705,"C"
0.238352593308714,"C"
0.128664115380524,"C"
0.0987447878072415,"C"
0.0170680094485436,"C"
0.236890570651177,"C"
0.213378330670496,"C"
0.158867744063105,"C"
0.124890206960076,"C"
0.205836112894113,"C"
0.0424789553589004,"C"
0.0327245850897301,"C"
0.0354790327154133,"C"
0.143871157537883,"C"
0.259070996473063,"C"
0.251465784632399,"C"
0.123484648270199,"C"
0.321801430342912,"C"
0.0654243219009998,"C"
0.130718217704762,"C"
0.106694772634401,"C"
0.195923208035453,"C"
0.00488070407805233,"C"
0.298483086705245,"C"
0.300703160102077,"C"
0.27776493265305,"C"
0.171800825595681,"C"
0.295626342259789,"C"
0.228679633675251,"C"
0.275884866279506,"C"
0.197779237118878,"C"
0.209225088103406,"C"
-0.0313340684653364,"C"
0.126195208917891,"C"
0.281402558475317,"C"
0.190126964147385,"C"
0.0581292628451917,"C"
0.0841623207208846,"C"
0.124420251539402,"C"
0.392187591164329,"C"
0.162041001243905,"C"
0.115526459175726,"C"
-0.0292583771756539,"C"
-0.0101870837698856,"C"
0.302225027632159,"C"
0.0948779558619842,"C"
0.342120288295757,"C"
0.147089719803548,"C"
-0.0526409527440108,"C"
0.39929979995365,"C"
0.0717520023603072,"C"
0.129363903263994,"C"
0.189591895683304,"C"
0.167983474205844,"C"
0.0281332370325438,"C"
0.0289414937157051,"C"
0.31956049282303,"C"
0.109157805592004,"C"
0.262793835310999,"C"
0.350775583721357,"C"
0.102083344312843,"C"
0.109310093132802,"C"
-0.0192902510515361,"C"
0.369987653291093,"C"
0.104379306412734,"C"
0.142204422027578,"C"
0.043604519851426,"C"
0.254195815930761,"C"
0.341097599601383,"C"
0.202738744689533,"C"
0.139948432608264,"C"
0.0130419600356936,"C"
0.32907010973021,"C"
0.24914874331984,"C"
0.17590225233352,"C"
0.300434485267842,"C"
0.309851496357034,"C"
0.133778297924008,"C"
0.0574226252177817,"C"
0.276326675410576,"C"
0.249321122796088,"C"
0.129860683407386,"C"
0.495397141698372,"C"
-0.074910689501694,"C"
0.179186191517091,"C"
0.29387806409713,"C"
0.328234646794641,"C"
0.277584500896383,"C"
0.194835029328322,"C"
0.258890875730772,"C"
0.235758121970771,"C"
0.177260560695709,"C"
0.0922925041199758,"C"
0.30162434707284,"C"
0.144875018772508,"C"
0.150560688262646,"C"
0.205313780945896,"C"
0.181149798582645,"C"
-0.0175783962225064,"C"
0.137367327613843,"C"
0.241230256011016,"C"
0.30308141088357,"C"
0.0529192191970317,"C"
0.11494443364964,"C"
-0.0643166237185364,"C"
0.279654859451847,"C"
0.1805113528409,"C"
0.259102476383773,"C"
0.123680846320886,"C"
0.20138262026989,"C"
0.277708266410222,"C"
0.156583889736418,"C"
0.264866055395477,"C"
0.245397089056535,"C"
0.0209429973726122,"C"
0.210942313291391,"C"
-0.0685982189885604,"C"
0.152156089270389,"C"
0.124756624066646,"C"
0.267604207279027,"C"
0.20934836944415,"C"
0.12027779531281,"C"
0.164279639669245,"C"
0.198418506027836,"C"
0.0786967985701207,"C"
0.112015659526017,"C"
0.0557306385500244,"C"
0.026498126352071,"C"
0.127545998688959,"C"
0.178147261454183,"C"
0.023185282884103,"C"
0.226785167419539,"C"
0.113217113601855,"C"
0.211108235958752,"C"
0.194255100416854,"C"
0.142596527926919,"C"
-0.0144926376035761,"C"
0.0202318685929612,"C"
-0.074065786097916,"C"
0.316204724954097,"C"
0.143933399664817,"C"
0.373639731086409,"C"
0.0344116202468543,"C"
0.328190570829728,"C"
0.28761196360479,"C"
0.104251159863403,"C"
0.251408554443243,"C"
0.23813846292329,"C"
0.165327609757397,"C"
0.330698177745129,"C"
0.152046735675482,"C"
0.382773873329871,"C"
0.0604259804170757,"C"
0.311231789167378,"C"
0.127599248722888,"C"
0.21542495091413,"C"
0.172832551231751,"C"
0.166685569371497,"C"
0.17119226156307,"C"
0.271778893131064,"C"
0.183143926436975,"C"
0.315893058212786,"C"
0.19134948450992,"C"
0.197430654634009,"C"
0.174651959531514,"C"
0.137524196595685,"C"
0.200791155209992,"C"
0.279292291778912,"C"
0.261385788845131,"C"
0.279600558383351,"C"
0.353274427091968,"C"
0.215704203443172,"C"
0.195572633458215,"C"
0.335278865626246,"C"
0.173593038215447,"C"
0.0791781241836318,"C"
0.0907104476342959,"C"
0.114548537877985,"C"
0.0366217171478796,"C"
0.321818435319827,"C"
0.120611433470667,"C"
0.291897179804218,"C"
0.418408156329113,"C"
0.139671350584521,"C"
0.217010855844375,"C"
0.122470698626559,"C"
0.471922880714949,"C"
0.0721085210478119,"C"
0.297849132928048,"C"
0.266960277317903,"C"
0.273116630979851,"C"
0.282468122759902,"C"
0.241297505610497,"C"
0.240819008147832,"C"
0.0907108289760265,"C"
0.225203560631707,"C"
0.142528769297826,"C"
0.464018514503792,"C"
0.253239345323504,"C"
0.264051892824603,"C"
-0.0419652117348798,"C"
0.0472536217927903,"C"
0.0823339301854856,"C"
0.121292412797043,"C"
0.123198718472406,"C"
0.244364095672621,"C"
0.156269289244381,"C"
0.150142197429331,"C"
0.298956255922974,"C"
-0.0308941203858052,"C"
0.172671799600454,"C"
0.266340286927373,"C"
0.287470746145087,"C"
0.1594147369784,"C"
0.136638616754193,"C"
0.161777621559186,"C"
0.136892132702154,"C"
0.137539038956808,"C"
0.04461803235692,"C"
0.160340505101778,"C"
0.203411613680735,"C"
0.124279370598089,"C"
0.0686674725065769,"C"
0.0169364574139765,"C"
0.141217611853929,"C"
0.352263201663562,"C"
0.124149969983916,"C"
0.116333915391271,"C"
0.458138713385586,"C"
-0.0157255876393454,"C"
0.1942527896359,"C"
0.246449879892362,"C"
0.132137250751508,"C"
0.298368958312197,"C"
0.260543729132241,"C"
0.185331775790035,"C"
0.0632653584750596,"C"
0.212335015586752,"C"
0.147921697756585,"C"
0.0914049735898887,"C"
0.195127817183804,"C"
0.237936347204544,"C"
0.172083317382353,"C"
0.264876763530516,"C"
-0.0711033487132367,"C"
0.253847711437738,"C"
0.122900571468782,"C"
0.2086539016362,"C"
0.294761985588741,"C"
0.193955870207308,"C"
0.188892660879876,"C"
-0.0830159316993167,"C"
0.0582779167878142,"C"
0.254915257885018,"C"
0.0384067075887637,"C"
0.168761733816233,"C"
0.21040320060429,"C"
0.144598719505195,"C"
0.0948757510470547,"C"
0.0338826924830636,"C"
0.206425184621387,"C"
-0.0107357944017267,"C"
0.0874768733769344,"C"
0.168842870705524,"C"
0.0834765574567322,"C"
0.163710107614663,"C"
0.26601840549443,"C"
0.181809877497731,"C"
0.193726245583651,"C"
0.339888607124798,"C"
0.168869915131955,"C"
0.208545587356611,"C"
-0.0183909896066719,"C"
0.183074021810737,"C"
0.103999511373781,"C"
0.0575986782484233,"C"
0.280236665253138,"C"
0.177845857714116,"C"
0.274532133928423,"C"
0.0891508783802792,"C"
-0.060220222687674,"C"
0.196293804752683,"C"
0.274320893063456,"C"
0.434460486023111,"C"
0.268719093349335,"C"
0.286043676648591,"C"
0.118425211099913,"C"
0.215285488141653,"C"
0.132467187169152,"C"
0.222205636981368,"C"
0.0616440845778601,"C"
0.141625041650791,"C"
0.0340334194307159,"C"
0.184577322446494,"C"
0.225245611383115,"C"
0.185756587037646,"C"
0.116130614685132,"C"
0.156131868169454,"C"
0.0157097378431156,"C"
0.157742542904338,"C"
0.00244315492661237,"C"
0.178453409721508,"C"
0.35510468744589,"C"
0.250420650554998,"C"
0.328101932421716,"C"
0.315288791215922,"C"
0.14700421643323,"C"
0.216349874051327,"C"
-0.00276627331138701,"C"
0.269377774405253,"C"
0.108087506574157,"C"
0.274050951982644,"C"
-0.00711575909438947,"C"
0.29470027171805,"C"
0.129700890512927,"C"
0.322589836833203,"C"
0.178066004442915,"C"
0.11619262735803,"C"
0.229827100039207,"C"
0.174175326480935,"C"
0.11737832222248,"C"
0.0905379239238689,"C"
0.42100602149449,"C"
0.0850352749427852,"C"
0.235915150057003,"C"
0.158858531032042,"C"
0.0782145198192472,"C"
0.0409809010772734,"C"
0.0311370690865194,"C"
0.0393955366474432,"C"
0.0303764517786293,"C"
0.248614592410205,"C"
0.156323836931917,"C"
0.379914242920796,"C"
0.243323868289556,"C"
0.344819754690779,"C"
0.230271864338968,"C"
0.26454674123562,"C"
0.226724739572923,"C"
0.139794493630337,"C"
0.27235267032534,"C"
0.179194435928822,"C"
0.283378423761425,"C"
0.10008730182733,"C"
0.280423302095334,"C"
0.148802664380731,"C"
0.0913850414637679,"C"
-0.0122254896270503,"C"
0.341970074406333,"C"
0.231926990466438,"C"
0.174415006816598,"C"
0.249641761011851,"C"
0.185351567882921,"C"
0.0489716502806927,"C"
-0.0323066058098005,"C"
0.159192141099235,"C"
0.148721342047964,"C"
0.0741764290318765,"C"
0.221722359556646,"C"
0.148454846578415,"C"
0.262554913408199,"C"
0.309127203757818,"C"
0.117489502208362,"C"
0.092485324545076,"C"
0.194335694280806,"C"
0.322518963325776,"C"
0.00652505739695991,"C"
0.0962595352977572,"C"
0.108424738461006,"C"
0.217482095804266,"C"
0.418332796196972,"C"
0.133608703843818,"C"
0.137349959788138,"C"
0.00969047856017952,"C"
0.0758502643970149,"C"
0.256873496201223,"C"
0.105467962256364,"C"
0.13135285044922,"C"
0.144696055516133,"C"
0.173769947560115,"C"
0.341961510955958,"C"
0.304621140625639,"C"
0.380858995573927,"C"
-0.00544195128240749,"C"
0.133728561751052,"C"
0.284310383332729,"C"
0.14961624786282,"C"
0.211808070003799,"C"
0.115125099154918,"C"
-0.0068904343529807,"C"
0.0593003421354539,"C"
0.369725805765655,"C"
0.153841444053325,"C"
0.358798171613725,"C"
0.26673005155776,"C"
0.25025809379042,"C"
0.342353223954902,"C"
0.0209841290752257,"C"
0.119000878547743,"C"
0.148671886626466,"C"
0.0877870231913516,"C"
0.154351939204366,"C"
-0.0282854637234042,"C"
0.0382846020662803,"C"
0.241078100970474,"C"
0.204152079791429,"C"
0.31039648225257,"C"
0.146547142215042,"C"
0.141546010451152,"C"
0.13788317880187,"C"
0.0841644767085521,"C"
0.204911630844292,"C"
0.0621120630006131,"C"
0.229559328314573,"C"
0.162229569387376,"C"
0.257473393571959,"C"
0.304794637649306,"C"
0.138378324250254,"C"
0.137028206432596,"C"
0.175347477534063,"C"
0.114140845940536,"C"
0.340258407676699,"C"
0.173632795124526,"C"
0.266882763411434,"C"
0.217837548052549,"C"
0.321568816870244,"C"
0.159097324342121,"C"
-0.0878044592349626,"C"
0.240918047095619,"C"
0.0766359822817614,"C"
0.229739149641744,"C"
0.0826107663466993,"C"
0.170552809216589,"C"
0.124602330604539,"C"
0.155424042419282,"C"
0.114521439119284,"C"
0.0816194757286026,"C"
0.199640746067212,"C"
0.0583473687765554,"C"
0.151495713558065,"C"
0.149965393518509,"C"
0.11613794993824,"C"
0.354284789606923,"C"
-0.00694005956544202,"C"
0.183118449189908,"C"
0.0590885870443788,"C"
0.0458949052062247,"C"
0.175429277356773,"C"
0.398799111569512,"C"
0.322209579552564,"C"
0.198324702147649,"C"
0.114706716161904,"C"
0.384255931610422,"C"
0.156550880515962,"C"
0.0908575233413708,"C"
0.0442529694478087,"C"
0.121597201194549,"C"
0.346809511696324,"C"
0.288574335585037,"C"
0.23575283286187,"C"
0.0163167181339837,"C"
0.152846197036788,"C"
0.28917985539091,"C"
0.148624673978697,"C"
0.111797610279739,"C"
0.185208068648698,"C"
0.109070353216041,"C"
0.144529168565368,"C"
0.419503334179611,"C"
0.235100993682266,"C"
0.304878589516192,"C"
0.184947015244577,"C"
0.134445118472957,"C"
0.245788940202739,"C"
0.0314532587614856,"C"
0.326918454895137,"C"
0.157823883389583,"C"
-0.122230321365538,"C"
0.0930904460413987,"C"
0.138610844506525,"C"
0.378921826495574,"C"
0.172101023248922,"C"
0.0316171053173372,"C"
0.151312894868605,"C"
0.0898976230983159,"C"
0.0225982887603998,"C"
0.113168506847643,"C"
-0.00561645140782616,"C"
0.448392291802792,"C"
0.207824673558724,"C"
0.242506961668223,"C"
0.0648567497914666,"C"
0.309566730742514,"C"
0.232212847338921,"C"
0.0861373499583613,"C"
0.169226213772635,"C"
0.140036849165861,"C"
0.308670136272781,"C"
0.163635090032909,"C"
0.288522983690742,"C"
0.252983194527456,"C"
0.150082440603724,"C"
0.175008138612719,"C"
0.0937589694375733,"C"
0.130200190104937,"C"
0.0404081782923622,"C"
0.137562279089192,"C"
0.143511266954058,"C"
0.158191930176491,"C"
0.429935178789941,"C"
0.194517388983454,"C"
0.0322196556754097,"C"
0.27292434867967,"C"
0.151197934473563,"C"
0.320937245611348,"C"
0.185376800122013,"C"
0.340676777835353,"C"
0.178277287640764,"C"
0.125736094944044,"C"
0.37786926597401,"C"
0.0433887354768541,"C"
0.222489636147032,"C"
0.0823690978520094,"C"
0.299297168388268,"C"
0.224095963024445,"C"
0.137090244051011,"C"
0.142233573389855,"C"
0.268870005776433,"C"
0.0734993888855548,"C"
0.10227288026553,"C"
0.220786263410391,"C"
0.255027167348149,"C"
0.00849968274253543,"C"
0.199225468686791,"C"
0.0638266762089016,"C"
0.115817133552984,"C"
0.311243918737546,"C"
0.2801540094408,"C"
0.160647215997384,"C"
0.08668231801424,"C"
0.21103294450571,"C"
0.338332171358656,"C"
0.270614917487655,"C"
0.22011428309565,"C"
0.18756974415288,"C"
0.285948916812251,"C"
0.271693803731112,"C"
0.260927307694385,"C"
0.108837772132253,"C"
-0.0889585179036531,"C"
0.123295297459736,"C"
0.309919883255821,"C"
0.160970845544518,"C"
0.116195166630922,"C"
-0.023538388162579,"C"
0.119562764455292,"C"
0.0991838110923661,"C"
0.119322082151149,"C"
0.188690882050538,"C"
0.156570297060281,"C"
0.306252689567853,"C"
0.0236201908333191,"C"
0.0306528477216522,"C"
0.0702865178048171,"C"
0.177089325211599,"C"
0.397368491956429,"C"
0.316978704873579,"C"
0.142161933851152,"C"
0.102125512367329,"C"
0.306408532917631,"C"
0.210801311704176,"C"
0.138149831047661,"C"
0.176235707042367,"C"
0.298729856637511,"C"
0.169434230615509,"C"
0.20024416522992,"C"
0.258040847427747,"C"
0.125785762046727,"C"
-0.0226532146494988,"C"
0.177832800631921,"C"
0.302228260594031,"C"
0.162631836811542,"C"
0.246401319172726,"C"
0.12521618020872,"C"
0.0882557994558055,"C"
0.223710575303305,"C"
0.141503143844843,"C"
0.264237530377816,"C"
0.275301630505638,"C"
0.138936818424661,"C"
0.19008082767632,"C"
0.272075569318404,"C"
0.325959521489172,"C"
0.140315746583379,"C"
0.131691617122259,"C"
0.148378086768395,"C"
0.301000394782544,"C"
0.104701935203832,"C"
0.115073275637295,"C"
0.154575554672035,"C"
0.0503630442220625,"C"
0.137534290928455,"C"
0.140084427138027,"C"
0.18598749090245,"C"
0.24806778643598,"C"
0.336942176085768,"C"
0.261130902188698,"C"
0.0528732074588526,"C"
0.330467588437595,"C"
0.260698710103806,"C"
0.186457698080259,"C"
0.314405371053338,"C"
0.234189777188444,"C"
0.164593495913363,"C"
0.121766834825201,"C"
0.268658863317803,"C"
-0.0411156967939044,"C"
0.164511171890616,"C"
0.0672886550536069,"C"
-0.0220117035996797,"C"
0.202262700340144,"C"
0.167209687788143,"C"
-0.022404513877355,"C"
0.152032112081676,"C"
0.222063065998062,"C"
0.244288493687786,"C"
0.209438138269426,"C"
0.251914173245045,"C"
0.199250469931832,"C"
0.216743963595642,"C"
0.168660107829695,"C"
0.0763406384457091,"C"
0.205259116349966,"C"
0.272254542259099,"C"
0.407493594555922,"C"
0.13585613317912,"C"
0.181175203266549,"C"
-0.0326993079270217,"C"
0.100788543409955,"C"
0.308881808340777,"C"
0.154566347160601,"C"
0.23688857356286,"C"
0.246745033017777,"C"
0.0850375708176536,"C"
0.181550867236902,"C"
0.203253240387686,"C"
0.148831083954055,"C"
0.200574905765796,"C"
0.114601307517211,"C"
0.0646742292677475,"C"
0.232749091898248,"C"
0.319391910941029,"C"
0.198163055610461,"C"
0.173069847651149,"C"
0.150553461346746,"C"
0.321403033530268,"C"
0.289999772979784,"C"
0.320441124180377,"C"
0.242313227800559,"C"
0.207394289672782,"C"
0.229964579288254,"C"
0.206334148351405,"C"
0.0599881722541602,"C"
0.395178194201986,"C"
0.0654530398667002,"C"
0.27523056944307,"C"
0.0564075967962453,"C"
0.0906153643945842,"C"
0.10910890165287,"C"
0.0602342932376693,"C"
0.172990965767398,"C"
0.0950770570192192,"C"
0.195686335863042,"C"
0.381741510883182,"C"
0.253759262006824,"C"
0.0108410776038284,"C"
0.227771659199945,"C"
0.187468251337989,"C"
0.37424313403825,"C"
0.230514738306844,"C"
0.154153842284777,"C"
0.05375284563769,"C"
0.184678963812031,"C"
0.298997076537587,"C"
0.0905968835377513,"C"
0.103470869379741,"C"
0.27845250328921,"C"
0.271677184436702,"C"
0.151045534493528,"C"
0.13124892915808,"C"
0.15281673710928,"C"
0.290621753975541,"C"
0.185862324914749,"C"
0.205865621442853,"C"
0.343140558307217,"C"
0.266936859651906,"C"
0.301704441715836,"C"
0.352039730214527,"C"
0.148722257369331,"C"
0.169781529703421,"C"
0.196720447168241,"C"
0.225660743318557,"C"
0.129842524757807,"C"
0.202693997407317,"C"
0.109136687794646,"C"
0.215348739617872,"C"
0.085280246352764,"C"
0.156764699587907,"C"
0.319155568016188,"C"
0.145577671979235,"C"
0.110257801484127,"C"
0.238541344131079,"C"
-0.119510299027943,"C"
0.19019857427368,"C"
0.200675920093,"C"
0.414442622834836,"C"
0.123912091641652,"C"
0.0997778626406039,"C"
0.408543282824586,"C"
0.216724335283949,"C"
0.179413404280923,"C"
0.231207721142848,"C"
0.135261577546729,"C"
0.0588967557707463,"C"
0.257095382080516,"C"
0.18890088693866,"C"
0.170108240632411,"C"
0.0484275239803519,"C"
0.100438340730622,"C"
0.228238075741133,"C"
0.0848369787891472,"C"
0.229953659464504,"C"
0.304215347091829,"C"
0.274727982850761,"C"
0.0471251197600195,"C"
0.19269567876699,"C"
0.180991538247555,"C"
0.270496191831364,"C"
0.218321648763025,"C"
0.0491569957781944,"C"
0.146164061826768,"C"
0.292718846777638,"C"
0.27347299236631,"C"
0.363059590944005,"C"
0.0819267340180364,"C"
0.112925497973797,"C"
0.115567107696607,"D"
0.2525353828139,"D"
0.163214350882134,"D"
0.301294372773341,"D"
0.209004868285497,"D"
0.167245095892608,"D"
0.335967173315288,"D"
0.204839780051344,"D"
0.222187426192236,"D"
0.155801003582996,"D"
0.136495484933011,"D"
0.0808964948798453,"D"
0.0248169777291838,"D"
0.130715117917472,"D"
0.155731877970987,"D"
0.335762783344905,"D"
0.270841191437309,"D"
0.117368885507493,"D"
0.246379462989944,"D"
0.044466078788393,"D"
0.164980643627905,"D"
0.200176049974709,"D"
-0.0167388361964099,"D"
0.272270578079419,"D"
0.0842199877467449,"D"
-0.0280456471671406,"D"
0.0287301449110824,"D"
-0.044075520655516,"D"
0.11179633345954,"D"
0.235580406120881,"D"
0.0968441225633749,"D"
0.0303182716151118,"D"
0.119641603525147,"D"
0.153617451505577,"D"
0.177655948119523,"D"
0.197756791344967,"D"
0.128498206245433,"D"
0.145356660545047,"D"
0.265304950909888,"D"
0.311075036031528,"D"
0.0702138672813777,"D"
0.202121165213032,"D"
0.154857697701953,"D"
0.285094818545485,"D"
0.246023073630929,"D"
0.260621614442482,"D"
0.122972938656701,"D"
0.257474062505454,"D"
0.223914111040542,"D"
0.0260592536492861,"D"
0.0597914265561048,"D"
0.290360719529989,"D"
0.106894715488222,"D"
0.284569612187067,"D"
0.218893471242691,"D"
0.045900914275488,"D"
0.0991013571838636,"D"
0.0232611853665475,"D"
0.172023348541136,"D"
-0.200958596119488,"D"
0.274139760121623,"D"
0.182088382011186,"D"
0.234477087738074,"D"
0.130765938747625,"D"
0.29648308432557,"D"
0.171960912462258,"D"
0.0548412559827352,"D"
0.145169882570608,"D"
0.243074175957545,"D"
0.00838952143442076,"D"
0.145852290467837,"D"
0.0733856390870867,"D"
-0.0015439483136151,"D"
0.362620023554288,"D"
0.169734609888043,"D"
0.20440986555463,"D"
0.165539472132899,"D"
-0.00512477906072753,"D"
0.160304076022074,"D"
0.287769693635681,"D"
0.290539955945697,"D"
0.101291867050604,"D"
0.304582710882422,"D"
0.302912572886303,"D"
0.234457696991844,"D"
0.319564854073976,"D"
0.254496869830099,"D"
0.205715614613815,"D"
-0.0414936004344655,"D"
0.221831025749569,"D"
0.160633141789654,"D"
0.0692500380643474,"D"
0.137981293859957,"D"
0.0533786467374533,"D"
0.274660013338776,"D"
0.135816471051029,"D"
0.0196040019431006,"D"
0.167156071985925,"D"
0.0238588943952023,"D"
0.0197512805701752,"D"
-0.0275483555673401,"D"
0.0851959318385167,"D"
0.105664194879211,"D"
0.25574170786444,"D"
0.0932612431245994,"D"
0.268984937728077,"D"
0.019677311950033,"D"
0.0604244338294502,"D"
0.0455504874690993,"D"
0.00788835047009062,"D"
0.0941267836139912,"D"
0.141461571312287,"D"
0.0809629131174828,"D"
0.153330025734166,"D"
0.25173613404203,"D"
0.24835093887766,"D"
-0.0178701312331138,"D"
0.182339878509233,"D"
0.0380998111172526,"D"
0.135470609980915,"D"
0.156515480195769,"D"
0.0863213572025878,"D"
0.0714313182929609,"D"
0.165187736848283,"D"
0.159535405516996,"D"
-0.0196352516383058,"D"
0.0594413369540336,"D"
0.282865429816607,"D"
0.0940016348212029,"D"
0.208529297852642,"D"
0.133505652389768,"D"
0.0841874562602538,"D"
0.161269864450582,"D"
0.169814683195678,"D"
0.233554672882264,"D"
0.131779913095042,"D"
0.067757059811664,"D"
0.0233325185214177,"D"
-0.101466094581774,"D"
0.206625801161924,"D"
0.155346566560052,"D"
0.257693098410088,"D"
0.10235951390561,"D"
0.217796197487637,"D"
0.20157187913047,"D"
0.0322998487570722,"D"
0.152702979914399,"D"
0.31168597609769,"D"
0.0536775743809994,"D"
0.15900225555203,"D"
0.218741452009177,"D"
0.129689204467052,"D"
0.227567867569238,"D"
0.207107790476895,"D"
0.0694840918190625,"D"
0.16648118644469,"D"
0.124557894634968,"D"
0.199668491467003,"D"
0.0423577407416273,"D"
0.142217805796165,"D"
0.158023773935549,"D"
0.184087906160905,"D"
0.170888748968357,"D"
0.0470218942217466,"D"
0.0556365476547557,"D"
0.0968663489196779,"D"
0.0247101340334526,"D"
0.351663776582478,"D"
0.160118473039903,"D"
0.112790597417123,"D"
0.133423424239587,"D"
0.113677822165706,"D"
0.143986439089901,"D"
0.133668810581479,"D"
0.0897703764591925,"D"
0.11583160143953,"D"
0.0797408125559636,"D"
0.0716712123316824,"D"
0.211775219383951,"D"
0.0997876564716099,"D"
0.300014135588169,"D"
0.165604606380492,"D"
0.240761525317073,"D"
0.105253545530944,"D"
-0.0712931166000688,"D"
0.154561876734751,"D"
0.266216757964278,"D"
0.145459483849472,"D"
0.108628509498086,"D"
0.179007838844202,"D"
0.154334177784673,"D"
0.0566115483960883,"D"
0.318730762371294,"D"
0.130493407950264,"D"
0.00114250647185904,"D"
0.0194416457299491,"D"
0.20595288155233,"D"
0.29232611409182,"D"
0.265662780770316,"D"
0.151864065541707,"D"
0.247033680197113,"D"
0.231785519048435,"D"
0.161694193808339,"D"
0.156280097060432,"D"
0.308285735482629,"D"
-0.0874878041713932,"D"
0.169732928488135,"D"
0.112687331859823,"D"
-0.0215843695944966,"D"
0.0836156878564486,"D"
0.139033381932711,"D"
0.107176203061771,"D"
0.25139967781322,"D"
0.22172254734377,"D"
0.0419395626684745,"D"
0.207158676794307,"D"
0.231017797844276,"D"
0.0337811073627614,"D"
0.128273286189113,"D"
0.318407193138734,"D"
0.203303989515941,"D"
0.244005336701287,"D"
0.328621965936631,"D"
0.1657037057543,"D"
0.179596696893616,"D"
0.261003827895066,"D"
0.153936885081227,"D"
0.19142202438253,"D"
0.0997027151738115,"D"
0.0707452310536757,"D"
0.148334503741388,"D"
0.0967190364294803,"D"
0.231689099906648,"D"
0.0882433256186504,"D"
0.0749967513901586,"D"
0.0628474805801641,"D"
0.2658544364619,"D"
0.114617319970888,"D"
0.0936719414956085,"D"
0.140497410291599,"D"
0.104730772690899,"D"
0.320104539999695,"D"
0.221599729737075,"D"
0.0802346389267027,"D"
0.183209104623959,"D"
0.178765620709934,"D"
0.265497562439205,"D"
0.121989354720982,"D"
0.235459188602251,"D"
0.270489290477857,"D"
0.350628793924985,"D"
0.149389820331434,"D"
0.160116826673954,"D"
0.276354622243588,"D"
0.181578336114578,"D"
0.174580160376121,"D"
0.290532043319316,"D"
0.241658108669717,"D"
0.154751479075847,"D"
-0.010385924072581,"D"
0.142962853792393,"D"
0.2659640049496,"D"
0.10188164097919,"D"
-0.0778054919341182,"D"
0.180470747659781,"D"
0.0907825139158364,"D"
0.141849117402378,"D"
0.141589537230572,"D"
0.0344669747972653,"D"
0.135441560535262,"D"
0.100873623403867,"D"
0.130890485141597,"D"
0.0977122129183896,"D"
0.109148995250417,"D"
0.0962379480215844,"D"
0.334772287362487,"D"
0.212777662712656,"D"
0.183372290781079,"D"
0.324795977635021,"D"
0.0637333577488741,"D"
0.21035347527069,"D"
0.051764364501048,"D"
0.104797460237807,"D"
0.204140575114804,"D"
0.0970112965450694,"D"
0.104735639292635,"D"
0.300292606102964,"D"
0.312422246064106,"D"
0.0799130210977284,"D"
0.149171077614003,"D"
0.252176235732828,"D"
-0.0336283060733554,"D"
0.10926668528963,"D"
0.246608048256233,"D"
0.191318417727628,"D"
0.122826532131759,"D"
0.0525746619935988,"D"
0.233979644310689,"D"
0.298965683471903,"D"
-0.0661225801315855,"D"
0.112466081746491,"D"
0.347067151189577,"D"
0.20149652611768,"D"
0.132790273661454,"D"
0.0360371415913406,"D"
0.116015390499994,"D"
0.22897938360206,"D"
0.172778909000642,"D"
0.107526373926728,"D"
0.060940321694895,"D"
0.142229275665266,"D"
0.0326337531513361,"D"
0.420487085888599,"D"
0.310246508678391,"D"
0.220841919507748,"D"
0.16464126024284,"D"
0.106368687470463,"D"
0.337623329220598,"D"
0.023860496880683,"D"
0.249073555968309,"D"
0.176254089109578,"D"
0.239254993530052,"D"
0.294142798959315,"D"
0.151698515180957,"D"
0.173226401394169,"D"
-0.125601472975644,"D"
0.137199963402068,"D"
0.236163799509274,"D"
0.371853151354752,"D"
0.0383906436275896,"D"
0.17612501026686,"D"
0.155264835741166,"D"
0.290912958917576,"D"
0.128374724498531,"D"
0.152487465462024,"D"
0.0566997173146667,"D"
0.151062652213379,"D"
0.0371332061379212,"D"
0.137292560178981,"D"
0.0929278994790604,"D"
0.136599824943615,"D"
0.0846202728958152,"D"
0.31929786051937,"D"
0.0958329986495141,"D"
0.14945413088721,"D"
0.113293768957129,"D"
0.224473472752899,"D"
0.279745459510342,"D"
0.117321366840167,"D"
0.0504677043049633,"D"
0.193971657440618,"D"
0.205975434323019,"D"
0.116687253780923,"D"
0.221174939353022,"D"
0.173341075466684,"D"
0.0245446965989627,"D"
0.214059648451207,"D"
0.033371155500449,"D"
0.285260721680306,"D"
0.190429556915393,"D"
0.316734154231024,"D"
0.143440618111441,"D"
-0.00300320982773941,"D"
0.0139355856314105,"D"
0.281583085297552,"D"
0.0922927651486929,"D"
0.0550068101434477,"D"
0.183242790128158,"D"
0.127310299276378,"D"
0.0461807346380398,"D"
-0.100138815852049,"D"
0.107907277176072,"D"
0.188441123056242,"D"
0.118102160819483,"D"
0.13839210762311,"D"
0.107741579752427,"D"
0.176490419912408,"D"
0.223125777147692,"D"
0.28565983154971,"D"
-0.0043131151074817,"D"
0.174828297083671,"D"
0.12766646339526,"D"
0.258290401267231,"D"
0.375304446114516,"D"
0.152214573721704,"D"
0.195850168136646,"D"
0.258633848190142,"D"
0.305170120575052,"D"
0.272958805043073,"D"
-0.0528904265122788,"D"
0.0373372679712951,"D"
0.122591472803638,"D"
0.342912736968198,"D"
0.167183987006652,"D"
0.162232327402682,"D"
0.162880412818265,"D"
0.212297127076744,"D"
0.280484242433872,"D"
0.253698981067853,"D"
-0.0831829664389664,"D"
-0.0574060167018077,"D"
0.144556052845664,"D"
0.228632941889376,"D"
-0.00507160518219246,"D"
0.223724595490141,"D"
0.0484012327208787,"D"
0.17891413343555,"D"
0.152831518198515,"D"
0.0354446923882804,"D"
0.32746287628424,"D"
0.224827450655494,"D"
0.439214274756396,"D"
0.224798614675111,"D"
0.120072812931319,"D"
0.139952046551586,"D"
0.0982671850967867,"D"
0.0248239699151525,"D"
-0.064051157974568,"D"
0.153056321557891,"D"
0.307400160892158,"D"
0.191859409207341,"D"
0.121517205379483,"D"
0.232083334149172,"D"
0.171858559056274,"D"
0.211434193260284,"D"
0.204499238826594,"D"
0.135976565364149,"D"
0.257120211544243,"D"
0.185115238488049,"D"
-0.00275925398220814,"D"
0.215640779457702,"D"
0.350365008215243,"D"
0.183348326154727,"D"
0.351956325580343,"D"
0.201032604872191,"D"
0.207515817496021,"D"
0.129735831761646,"D"
-0.0526124684718655,"D"
0.0382639261279668,"D"
0.134994832555828,"D"
0.0429685327289663,"D"
-0.00389136582409833,"D"
0.148165678874315,"D"
0.0932109877755509,"D"
0.39473392818266,"D"
0.163958064066004,"D"
0.197995201030851,"D"
0.20207739297637,"D"
0.158021953654968,"D"
0.218468928799794,"D"
0.20617826832833,"D"
0.230071860914835,"D"
0.252312566581376,"D"
0.257351009274177,"D"
0.158782378162698,"D"
0.0266754175412958,"D"
-0.11236263152695,"D"
0.108056494147804,"D"
0.00125946238326113,"D"
0.121193880722649,"D"
0.128734271145871,"D"
0.182274089738911,"D"
0.320191310731146,"D"
0.322791572339407,"D"
0.244867366504765,"D"
0.176231484558632,"D"
0.195220891882417,"D"
0.148213523763139,"D"
-0.00635125792998834,"D"
0.34791258382975,"D"
0.271666455594391,"D"
0.27041501477948,"D"
0.102416083171502,"D"
0.210825826490782,"D"
0.202219273420451,"D"
-0.00373045711636999,"D"
0.136198030218451,"D"
0.190760617764525,"D"
0.193309693670925,"D"
0.0902500636032482,"D"
0.341265879830795,"D"
0.33855483176834,"D"
0.22263006714933,"D"
0.0887796698669653,"D"
0.0592405013633736,"D"
0.0230589644062349,"D"
0.0875404371936234,"D"
-0.0308227811980365,"D"
0.202755369216125,"D"
0.0066518746926747,"D"
0.0331833829414015,"D"
0.221110303034874,"D"
0.193761948320593,"D"
0.266831741291294,"D"
0.203172298879978,"D"
0.146295729023181,"D"
0.197005354347935,"D"
0.000803887919628682,"D"
0.163962165900656,"D"
0.171904454861671,"D"
0.231104119902131,"D"
0.148349068879443,"D"
0.162576593058142,"D"
0.019474213424413,"D"
0.207878590676387,"D"
-0.0375243524423873,"D"
0.173427436816758,"D"
0.193803898591721,"D"
0.295675103863215,"D"
0.245527077217127,"D"
0.255432421695447,"D"
-0.0268142120005009,"D"
0.31323218783602,"D"
0.109456664543409,"D"
0.417712003801142,"D"
0.0856250668411335,"D"
0.0351186531646907,"D"
0.224355060508576,"D"
0.151789893542978,"D"
0.278986965199291,"D"
0.105302320139765,"D"
0.0587278953289857,"D"
0.229067554844198,"D"
0.128004857648673,"D"
0.260886319082688,"D"
0.217284423318131,"D"
0.130240534611972,"D"
0.170594952437323,"D"
0.189861980927607,"D"
0.0361050558233914,"D"
0.0950567465149975,"D"
0.182733976106798,"D"
0.33824483219266,"D"
0.233671365749722,"D"
0.201818745798853,"D"
0.245650134355694,"D"
0.198830989514101,"D"
0.0878056641558669,"D"
0.274580446481486,"D"
0.0443491638142257,"D"
0.0554896288040764,"D"
0.184302631272425,"D"
0.322153299141249,"D"
0.0957612475290707,"D"
0.258126310270962,"D"
0.134874522263235,"D"
0.20156470358289,"D"
0.00940671801973986,"D"
0.0468058942750177,"D"
0.342260664099439,"D"
0.155449069646886,"D"
0.159785372466666,"D"
-0.104241652175319,"D"
0.275029754835017,"D"
0.139630104931143,"D"
0.198462306474471,"D"
0.189168039468796,"D"
0.192141678893529,"D"
0.112797197192981,"D"
0.341499762685374,"D"
0.166578920879057,"D"
0.136086089056303,"D"
0.315182543432759,"D"
0.115698464782989,"D"
0.0183535973016188,"D"
-0.0558680739159544,"D"
0.142838165756161,"D"
0.0935603999197585,"D"
0.131410692487607,"D"
0.160525999846308,"D"
0.36969253902978,"D"
0.217540496540152,"D"
0.133266734926709,"D"
0.280367758192325,"D"
0.122266077480325,"D"
0.205202152686246,"D"
0.269263285107803,"D"
0.143715111946202,"D"
-0.0371948182122624,"D"
0.103673379839655,"D"
0.339369238711066,"D"
0.131719100410546,"D"
0.266666002123292,"D"
0.197273945064704,"D"
0.159990448027176,"D"
-0.109588313737603,"D"
0.224641383394589,"D"
0.0925388277839084,"D"
0.115941550232596,"D"
0.0996331637810095,"D"
0.334218653480987,"D"
0.0333690930053842,"D"
-0.116176770525047,"D"
0.207651335563193,"D"
0.229892640909358,"D"
0.134324220074894,"D"
0.130064024458121,"D"
0.316018563465818,"D"
-0.0634671440966625,"D"
0.0452223962535807,"D"
0.226911491995131,"D"
0.191660872806622,"D"
0.282639717227091,"D"
0.0726441642492232,"D"
-0.00726256685864282,"D"
0.24632509705523,"D"
0.333608925390866,"D"
0.147349636743536,"D"
0.341591131889724,"D"
0.310838342842404,"D"
0.203228462431414,"D"
0.195991421255558,"D"
0.0264354471115205,"D"
0.376623233054553,"D"
0.186196837785651,"D"
0.139071761443226,"D"
0.0795406174374185,"D"
-0.124759276392393,"D"
0.120714604121654,"D"
0.0494413526234067,"D"
0.15847526501967,"D"
0.307368491874942,"D"
0.249444625436531,"D"
-0.0302302848788811,"D"
0.166296134268662,"D"
0.0496597961538865,"D"
-0.0198287213391916,"D"
0.0370128968194468,"D"
0.0136556399033839,"D"
0.0528068554685817,"D"
0.287839194301861,"D"
-0.0245836387413533,"D"
0.190037469418889,"D"
0.157196058632442,"D"
0.139724951170186,"D"
0.151605797478683,"D"
0.11639606995681,"D"
0.142482605383303,"D"
0.319024437713918,"D"
0.308507762193835,"D"
0.197320494080869,"D"
0.109133327857022,"D"
0.273986845535591,"D"
0.0107074005141157,"D"
0.147110233646792,"D"
0.173373629919839,"D"
0.227301063546612,"D"
0.115230106693486,"D"
0.390868017675574,"D"
0.064206804295719,"D"
0.049392375035785,"D"
0.389778642255211,"D"
0.209115403980983,"D"
0.108405994789829,"D"
0.0595583488652696,"D"
0.200950155716567,"D"
0.176698054975645,"D"
0.0190597592018123,"D"
0.142257096653497,"D"
0.210772312393611,"D"
0.198405688085794,"D"
0.0339677168697843,"D"
0.350320990296075,"D"
0.045396251670638,"D"
0.172395116359734,"D"
0.261604038573532,"D"
0.160872593080429,"D"
0.300018336363309,"D"
0.424433114529866,"D"
0.264634968433779,"D"
0.251875810401669,"D"
0.0504072672944307,"D"
0.322442588921929,"D"
0.14861420670144,"D"
0.193892433361665,"D"
0.16452094780017,"D"
0.135359680422766,"D"
0.361171630036462,"D"
0.357906619307376,"D"
0.068531117759204,"D"
0.110741533807259,"D"
0.152995705379327,"D"
0.0305611001660977,"D"
0.214614490907732,"D"
0.212278908810536,"D"
0.288560461363218,"D"
0.0692041583630037,"D"
0.253453445300847,"D"
0.244718210197841,"D"
0.138337710362542,"D"
0.026867172521755,"D"
0.127643526798223,"D"
0.319695065908591,"D"
0.225231351485179,"D"
0.212390563068261,"D"
-0.135501793098226,"D"
0.154611145157838,"D"
0.214470892471348,"D"
0.0394815784215512,"D"
0.105394876235258,"D"
0.184570473843808,"D"
0.169389139195758,"D"
0.248765835640762,"D"
0.139890367694337,"D"
0.148323785633612,"D"
0.261256389412699,"D"
0.158609425652492,"D"
0.0248391385160175,"D"
0.0635218525254983,"D"
0.230342465020694,"D"
0.229737422152649,"D"
0.223097399686372,"D"
0.20688854941874,"D"
0.266132999241054,"D"
0.109162379071227,"D"
0.293231750964108,"D"
0.0191495419962045,"D"
0.229402536188171,"D"
0.113449322580376,"D"
0.223667396599867,"D"
0.141386147080159,"D"
0.104860210861534,"D"
0.15788398955331,"D"
0.184130300572437,"D"
0.152557981222108,"D"
0.13345046561392,"D"
0.0639953324748999,"D"
0.272778611942054,"D"
0.157657501176567,"D"
0.179171790605012,"D"
0.286969527376543,"D"
0.323150119049505,"D"
0.308129531436729,"D"
0.120769383459107,"D"
0.219214214590021,"D"
0.316973282019699,"D"
0.0211753599307867,"D"
0.0165059205013647,"D"
0.165335770906211,"D"
0.0937969636196543,"D"
0.370780380590271,"D"
0.278312468580758,"D"
-0.114665821513735,"D"
-0.0135981820138805,"D"
0.237247736003248,"D"
0.191550632553369,"D"
0.366847170864168,"D"
0.174279913632242,"D"
0.337052267906985,"D"
-0.0432199066790125,"D"
0.0463897961162032,"D"
0.169615652832699,"D"
0.104133575528056,"D"
0.0726055846432784,"D"
0.0346624516315197,"D"
0.0990935283969923,"D"
-0.00270698310636172,"D"
0.0858276512655297,"D"
0.244357541960314,"D"
0.0762763336295398,"D"
0.245027062037181,"D"
0.185919398593966,"D"
0.192761504151356,"D"
-0.0617869239989882,"D"
-0.0384849912692766,"D"
0.167176161967766,"D"
0.328077590174491,"D"
0.247561025795,"D"
0.141623629784116,"D"
0.280133461676697,"D"
0.139480164906833,"D"
0.152027737448834,"D"
0.305977248486133,"D"
0.0341080334181998,"D"
0.138431351207116,"D"
0.0665128740513665,"D"
0.0986191218802062,"D"
-0.00969530121691708,"D"
0.165107104507379,"D"
0.251110519029645,"D"
0.144292194156839,"D"
0.123261517507707,"D"
0.214358684519704,"D"
0.28795305875334,"D"
0.251777063069445,"D"
0.23299359344527,"D"
0.29433831155678,"D"
0.0540976571203098,"D"
0.146679365338122,"D"
0.247210952739314,"D"
0.0935556701034899,"D"
0.224718195468957,"D"
0.161512913237081,"D"
0.256515583126704,"D"
-0.0317114933864444,"D"
0.186140249897767,"D"
0.255242819977201,"D"
0.208119206243216,"D"
0.297087331345589,"D"
0.145578098492774,"D"
0.159684559583957,"E"
0.256647983714562,"E"
0.152441589999364,"E"
0.313805184990289,"E"
0.379176744409335,"E"
0.114250989489381,"E"
0.0622243576071278,"E"
0.303101019376084,"E"
0.242816185087294,"E"
0.242950439392656,"E"
0.0744901769255251,"E"
0.187645877938568,"E"
0.277034336593422,"E"
0.134377593601544,"E"
0.204977412033419,"E"
-0.0606387860864512,"E"
0.289834791279017,"E"
0.031966397350487,"E"
0.0123814976695654,"E"
0.301293382419895,"E"
0.24468181820323,"E"
0.113889051084134,"E"
0.128961919392436,"E"
0.260591937892868,"E"
0.280070441965676,"E"
0.165797150734336,"E"
0.103992015439602,"E"
0.131044875602639,"E"
0.214389009594629,"E"
0.152248608662094,"E"
0.0716295046310159,"E"
0.078758979778229,"E"
0.168741350032914,"E"
0.169926014864536,"E"
0.120976304761735,"E"
0.152832832440823,"E"
0.189954144649069,"E"
0.221298896349152,"E"
0.338391946012022,"E"
0.425722815235059,"E"
0.223214883942982,"E"
0.0817579871966128,"E"
0.243831260720552,"E"
0.0551076972776622,"E"
0.320328375009263,"E"
0.0861750083634663,"E"
0.201768194106834,"E"
0.364302241579369,"E"
0.241254335096102,"E"
0.172630971812865,"E"
0.235146852242195,"E"
0.336521896823963,"E"
0.0850364526676927,"E"
0.23273839930827,"E"
0.30458365632773,"E"
0.117599122248741,"E"
0.22383728438657,"E"
0.163630177198791,"E"
0.181945948622736,"E"
0.281018088111999,"E"
0.155642199790118,"E"
0.155374208918498,"E"
0.132362687493671,"E"
0.0863180506218776,"E"
-0.0462926801990075,"E"
0.0992093799627299,"E"
0.340978276008307,"E"
0.164080672005914,"E"
0.043181115934984,"E"
0.113459226574874,"E"
0.0320355514613916,"E"
0.0207407492029077,"E"
0.26412537192913,"E"
0.141887091742715,"E"
0.238716979283273,"E"
0.108322960835282,"E"
0.0267522324708522,"E"
0.111954843684779,"E"
0.0917753202994388,"E"
0.0778130025410481,"E"
0.169230343409284,"E"
0.270306281058263,"E"
0.175356502407151,"E"
-0.0313530979684751,"E"
0.360484579534605,"E"
0.289031853854443,"E"
0.412416347802723,"E"
0.146933683608195,"E"
0.378128941428934,"E"
0.194271407762235,"E"
0.133653165590942,"E"
0.0876654367678357,"E"
0.0246591920068195,"E"
0.27457192604692,"E"
0.30028747106484,"E"
0.28539845441714,"E"
0.241520858062004,"E"
0.199784494355518,"E"
0.196763314293995,"E"
0.370498624372389,"E"
0.126439566295595,"E"
0.103360604904102,"E"
0.212160559140438,"E"
0.112314858030776,"E"
0.0435632387146511,"E"
0.0813104422639198,"E"
0.221266014233635,"E"
0.361002976380246,"E"
0.326883385955605,"E"
0.0604456103166669,"E"
0.188719867563835,"E"
0.374191333156703,"E"
0.311906126047474,"E"
0.265979313930526,"E"
0.191970930318381,"E"
0.293315678618753,"E"
0.279705296268649,"E"
0.151650884418509,"E"
0.0914499887631182,"E"
0.142024264374132,"E"
0.0273949654297309,"E"
0.258735624900045,"E"
0.16047851956004,"E"
-0.062468384360572,"E"
0.0612934799608264,"E"
0.209619343425694,"E"
0.273091914912631,"E"
0.208516819770709,"E"
0.0569105032828658,"E"
0.095830154089271,"E"
0.477452389269812,"E"
0.31468046454751,"E"
0.203255541438129,"E"
0.160251511484124,"E"
0.165846716305086,"E"
0.249977408931871,"E"
0.149209445758466,"E"
0.116549762161553,"E"
0.143541967437856,"E"
0.173762390061894,"E"
0.267967721750677,"E"
-0.0489406494004939,"E"
0.365809379777504,"E"
0.188985321872314,"E"
0.212505676327374,"E"
0.23568405034362,"E"
0.105600001554896,"E"
0.0590050533691436,"E"
0.0705254743260247,"E"
0.227676854133538,"E"
0.234412806948818,"E"
0.0499964041454148,"E"
0.161707758353927,"E"
0.0231590922370108,"E"
0.209788066822738,"E"
0.119937452962244,"E"
0.0907195575235454,"E"
0.198630072484225,"E"
0.284685858582264,"E"
0.0019171893260603,"E"
0.120653239101561,"E"
0.363173533432537,"E"
0.227604470701561,"E"
0.432880935400793,"E"
0.0310819220464539,"E"
0.186403707426772,"E"
0.0796564165961479,"E"
0.290100497193514,"E"
0.304709739029276,"E"
0.217043329594432,"E"
0.338752759544385,"E"
0.267691197042377,"E"
0.0267352049501987,"E"
0.144584841530895,"E"
0.273351919565167,"E"
-0.0591541978733561,"E"
0.203220424077617,"E"
0.127204592933183,"E"
0.128678755183993,"E"
0.0601207377372767,"E"
0.207901919033196,"E"
0.198211431748853,"E"
0.229990002107531,"E"
0.208198763387555,"E"
0.215597449841747,"E"
0.223684843962461,"E"
0.106193244195084,"E"
0.273183706837274,"E"
0.280423028568049,"E"
0.178730598251121,"E"
0.143536179159798,"E"
0.178527144425467,"E"
0.268051912976969,"E"
0.118867647681507,"E"
0.254333130836204,"E"
0.24152474749404,"E"
-0.0344505100360125,"E"
0.102575055919288,"E"
0.0446762251756497,"E"
0.286627784430579,"E"
0.0661814338722222,"E"
0.128445118841084,"E"
0.147512687185701,"E"
0.290028908800751,"E"
0.225071372271486,"E"
0.162073549141631,"E"
0.0997830748353584,"E"
0.221421115198783,"E"
0.160335693478036,"E"
-0.0873693195840549,"E"
0.266219954630777,"E"
0.218466261218457,"E"
0.126720822818017,"E"
0.18667601025515,"E"
0.0961269807331723,"E"
0.373929463268147,"E"
0.182433454083867,"E"
0.30981842812214,"E"
0.306648408922355,"E"
0.0997618324341308,"E"
0.101987100671617,"E"
0.198424547431798,"E"
0.132921336959514,"E"
0.282582877486859,"E"
0.188235018700091,"E"
0.222256451545983,"E"
-0.0057203440197991,"E"
0.103977656872709,"E"
0.198695294750467,"E"
0.21419677760602,"E"
0.0749108445062677,"E"
0.173743056584838,"E"
0.134039824567376,"E"
0.251784243829686,"E"
0.200753273797359,"E"
0.173305569450476,"E"
0.281191446139562,"E"
0.154794650630948,"E"
0.179654472160244,"E"
0.172699790193307,"E"
0.18601724295035,"E"
0.219291453280802,"E"
0.259260839438736,"E"
0.202592482891876,"E"
0.19382383747815,"E"
0.16016156128871,"E"
0.281506099653127,"E"
0.229871909693248,"E"
0.139361727579134,"E"
0.207635663227849,"E"
0.0948910441719283,"E"
0.132237369055152,"E"
-0.064080300639401,"E"
0.0944700145531344,"E"
0.217216751757757,"E"
0.388390247112664,"E"
-0.0326716903216434,"E"
0.186863756608904,"E"
0.0953385219052913,"E"
0.149936800623221,"E"
0.246626507874007,"E"
0.0710265518780621,"E"
0.0766255475106749,"E"
0.167786893092288,"E"
0.0195497501893473,"E"
0.00909654802358328,"E"
0.13217862522242,"E"
0.133139702288166,"E"
0.0114951335754084,"E"
0.0601063339980967,"E"
0.176550067677778,"E"
0.0337381061818505,"E"
0.30813157196375,"E"
-0.0349035046957491,"E"
0.0718474510364966,"E"
0.19619338942056,"E"
0.0646054904098908,"E"
0.149309774504407,"E"
0.087175102683363,"E"
0.236877362980986,"E"
0.216200754735798,"E"
0.250996379261706,"E"
0.207472868847561,"E"
0.379594617370458,"E"
0.163851514443804,"E"
0.191233821574289,"E"
0.0180231366305899,"E"
0.137191185446233,"E"
0.266413636180826,"E"
0.179184252272312,"E"
0.34180180168601,"E"
0.371605303820361,"E"
0.0922078652863316,"E"
-0.0300249187377412,"E"
0.284637384584441,"E"
0.357507711152076,"E"
0.273461750297628,"E"
0.149761376084179,"E"
0.192103628475233,"E"
0.215607560108647,"E"
0.223059967823211,"E"
0.208756191811445,"E"
0.108634119113409,"E"
0.113738947479724,"E"
0.202250115319682,"E"
0.100257216691053,"E"
0.223120348534775,"E"
0.215818798090818,"E"
0.120467739401522,"E"
0.150338784651489,"E"
0.173961401962641,"E"
0.376234415242859,"E"
0.0941442399521992,"E"
0.114474122053624,"E"
0.337666340779812,"E"
0.0169598992912286,"E"
0.285504612633599,"E"
0.0148050435850327,"E"
0.218122158783589,"E"
0.174576103723437,"E"
0.13581497676724,"E"
0.0766245000165235,"E"
0.207737661585478,"E"
-0.0155471712508277,"E"
0.182055393642606,"E"
0.122337005820702,"E"
0.290753212524764,"E"
0.322283242847154,"E"
0.0983233262902779,"E"
0.1462138633665,"E"
0.18444291892691,"E"
0.279531786542511,"E"
0.300614591705562,"E"
0.299762995567038,"E"
0.137129641175487,"E"
0.231429654221703,"E"
0.263076740725518,"E"
0.335476374303366,"E"
0.0823748383194523,"E"
0.388250012907334,"E"
0.242485430154827,"E"
0.27474125711965,"E"
0.0634428369310094,"E"
0.123574473022726,"E"
0.164018741966063,"E"
0.0947476806204518,"E"
0.113739029646868,"E"
0.0582308011402861,"E"
0.183272654070916,"E"
0.293878953420202,"E"
0.112242698147385,"E"
-0.0129168113466657,"E"
0.22078261386584,"E"
0.221648164964338,"E"
0.22336044051708,"E"
0.233494990839927,"E"
-0.127085477937824,"E"
0.359692671930828,"E"
0.216988026036428,"E"
0.210142763959998,"E"
0.05227464849863,"E"
0.215432355917322,"E"
0.0956056002433177,"E"
0.19210114236624,"E"
0.157324792007194,"E"
0.17232439946545,"E"
0.239010558704666,"E"
0.165427463349313,"E"
0.121090198143933,"E"
0.0883072836453343,"E"
0.142016801302618,"E"
0.121746069607133,"E"
0.268511014865394,"E"
0.180795942086906,"E"
0.121283957374722,"E"
0.213324523795325,"E"
0.119076685515161,"E"
0.362911143009573,"E"
0.0465261650995633,"E"
0.154956000422971,"E"
0.273158087612774,"E"
0.107716913514843,"E"
0.150656515456994,"E"
0.212127820379349,"E"
0.0695419578855993,"E"
0.270828767052731,"E"
0.00777100953440479,"E"
0.147583878810252,"E"
0.00548904985170837,"E"
0.0876529211546307,"E"
0.401888335087111,"E"
0.144644437116714,"E"
0.370710850259121,"E"
0.146715802834102,"E"
0.115526045362188,"E"
0.118052342450248,"E"
0.24147356485598,"E"
0.0771114207109383,"E"
0.258526613356922,"E"
0.0965632954634017,"E"
0.343907281236682,"E"
0.0895007722326909,"E"
0.00197670158972016,"E"
0.32009444628374,"E"
0.241363307495481,"E"
0.0747306419942545,"E"
0.0512463007905739,"E"
0.170912257721874,"E"
0.241100820351679,"E"
0.146265877634396,"E"
0.170372328971294,"E"
0.185466370953266,"E"
0.224244611820414,"E"
0.053396414840759,"E"
0.419365406783546,"E"
0.0378330937286359,"E"
0.0349231670499583,"E"
0.147490754366747,"E"
0.162044501760714,"E"
0.191082873772983,"E"
0.144463465812657,"E"
0.159998621690877,"E"
0.149621717796522,"E"
0.246594825524154,"E"
0.15547736279284,"E"
0.145699330107577,"E"
0.00586964562166123,"E"
-0.00495266794623969,"E"
0.131721400259595,"E"
0.0773485262086007,"E"
-0.00552403923976844,"E"
-0.00493114488499732,"E"
0.243248219451733,"E"
0.181590298519903,"E"
0.210013700284174,"E"
0.00660365618024503,"E"
0.105518537889746,"E"
0.16208572517454,"E"
0.102058853320051,"E"
0.18523983845042,"E"
0.117331087865868,"E"
0.312958899878053,"E"
0.22357375674052,"E"
0.13499975516396,"E"
0.213555486490149,"E"
0.129871016964841,"E"
0.278092478679444,"E"
0.275682217393927,"E"
0.134942568362106,"E"
0.146387944476935,"E"
0.43428439945096,"E"
0.179287321410759,"E"
0.0716253417349788,"E"
0.205360919023436,"E"
0.175992258735778,"E"
-0.0797315618173349,"E"
0.203845797646477,"E"
0.282641612227678,"E"
0.131330804359751,"E"
0.296696669721802,"E"
0.183652026249622,"E"
0.279006176698795,"E"
0.167678688412883,"E"
0.180550119505144,"E"
0.11997027276974,"E"
0.261861358393762,"E"
0.132248387543915,"E"
0.377105440055176,"E"
0.127735534826734,"E"
0.108034725401046,"E"
0.0929102544834298,"E"
0.182230417697188,"E"
0.258059959591654,"E"
0.312980276096092,"E"
0.240273861919213,"E"
-0.0551613276463333,"E"
0.242337924683944,"E"
0.324607986324167,"E"
0.202857072093427,"E"
-0.149805687610525,"E"
0.214668171701086,"E"
0.109674892327877,"E"
0.167503964985711,"E"
0.0803861879006938,"E"
0.119597864884611,"E"
0.185703111870813,"E"
0.0366123896589398,"E"
0.187346156888109,"E"
0.11670907766776,"E"
0.21330168543242,"E"
0.0478387386057683,"E"
0.281667546849715,"E"
0.176309923726693,"E"
-0.149211005574372,"E"
0.0756095630266628,"E"
0.150484499230987,"E"
0.206245940357179,"E"
0.229958827741381,"E"
0.328400710197297,"E"
0.108225466679004,"E"
0.257816497695199,"E"
0.0225629897550396,"E"
0.130910071287549,"E"
0.107065231637148,"E"
0.192639104725635,"E"
0.0448862370331198,"E"
0.369796868828322,"E"
0.269230476812054,"E"
0.140317971205434,"E"
0.0396836477744461,"E"
0.0802788835478291,"E"
0.161731304958323,"E"
-0.0793327747434824,"E"
0.11272074884096,"E"
0.283082698678478,"E"
0.28751172181161,"E"
0.148741520053407,"E"
0.198180948618772,"E"
0.0799738001744214,"E"
0.0968878939962636,"E"
0.128321357576285,"E"
0.246068253734036,"E"
0.23593286576328,"E"
0.126170443754122,"E"
0.276941538299433,"E"
-0.0985304660497944,"E"
0.138284080864785,"E"
0.302966901873928,"E"
0.326851138518142,"E"
0.257063744423526,"E"
0.185213686204812,"E"
0.191236327414714,"E"
0.120974798466211,"E"
0.0559308146634607,"E"
0.110144830929632,"E"
0.156292510884678,"E"
0.0274171407866345,"E"
0.146682763606069,"E"
0.373669502369221,"E"
0.0692002551539247,"E"
0.0400143810886706,"E"
0.109354913271539,"E"
0.273441869444659,"E"
0.087725066560977,"E"
0.315207722389048,"E"
0.0440780962479836,"E"
0.139569100970979,"E"
0.10958022177375,"E"
0.11456234748644,"E"
0.114510293900579,"E"
-0.136124303553711,"E"
0.0395533906776341,"E"
0.238705613577209,"E"
0.330911709555023,"E"
0.0731012063351791,"E"
0.127934280719217,"E"
0.00879011423678719,"E"
0.106280437065911,"E"
0.207100567126959,"E"
0.0922650053566893,"E"
0.197441444244567,"E"
0.159562174477279,"E"
0.0079196454260469,"E"
0.0722659716302418,"E"
-0.00717956082256457,"E"
0.0594949995005141,"E"
0.329649048041527,"E"
0.0934033837451801,"E"
0.105390757163901,"E"
0.0744951013356238,"E"
0.245686332028939,"E"
0.238790553625193,"E"
0.300653625864232,"E"
0.270936419035766,"E"
0.124152910134725,"E"
0.2281485629012,"E"
0.213336909720029,"E"
0.328194319674487,"E"
0.19502566236161,"E"
0.202642272908258,"E"
0.116582959969064,"E"
0.183265164708655,"E"
0.266467564062329,"E"
0.320229156949755,"E"
0.249258698863119,"E"
0.224153488634993,"E"
0.227723274862005,"E"
0.186678213175383,"E"
0.13072597743925,"E"
0.17854858051112,"E"
0.0507369705116233,"E"
0.133761539723966,"E"
0.236239115537052,"E"
0.232701015704408,"E"
0.126286049699325,"E"
0.186848099995981,"E"
0.11960010623647,"E"
0.0587236635624814,"E"
0.126286097777473,"E"
-0.0401853698237357,"E"
0.0981901367441251,"E"
0.146329964384663,"E"
0.109638432193984,"E"
0.181394784854154,"E"
0.0909421447933197,"E"
0.303370390419044,"E"
0.174116407876605,"E"
0.088638632667647,"E"
0.0843248268677717,"E"
0.0457418421225887,"E"
0.0659802034736099,"E"
0.253652480080987,"E"
0.0866329744075695,"E"
-0.0456680943478714,"E"
0.24840149930723,"E"
0.230868132805019,"E"
0.290722467606599,"E"
0.134182613057992,"E"
0.241231979899072,"E"
0.178534705836333,"E"
-0.0552650581993715,"E"
0.276470523935575,"E"
0.0812674688471008,"E"
0.410885487143668,"E"
0.297319966951482,"E"
0.300058501543878,"E"
0.369848557773541,"E"
0.191920690626195,"E"
0.126530343342841,"E"
0.00515224863829158,"E"
0.229233019693914,"E"
0.0998792425793913,"E"
0.307899877314235,"E"
0.177120093931303,"E"
0.145716514257334,"E"
0.271864335482071,"E"
0.105477116405716,"E"
0.434413136625274,"E"
0.140466709848895,"E"
0.180849320151246,"E"
0.102079120590797,"E"
0.202428065990141,"E"
0.263017453171611,"E"
0.0197853044631212,"E"
0.169529764957852,"E"
0.231565165841466,"E"
0.0693119154552308,"E"
0.282563955585675,"E"
0.14498362428214,"E"
0.274647589608524,"E"
0.22010792548334,"E"
0.0384127950116094,"E"
0.281955732912838,"E"
0.135089085491132,"E"
0.343339651005851,"E"
0.0905732659175852,"E"
0.313730551787371,"E"
0.0623210724369565,"E"
0.228212115124666,"E"
0.31347933841767,"E"
0.130392864845304,"E"
0.175914718753585,"E"
0.0678734832406915,"E"
0.274058022263579,"E"
0.25065517680036,"E"
0.104278466434468,"E"
0.194349765071614,"E"
0.357219504431796,"E"
0.165384688810669,"E"
0.0732768005662015,"E"
0.265948483151327,"E"
0.190321724121038,"E"
0.0692699361709356,"E"
0.172427900408462,"E"
0.0189893354247704,"E"
0.103665070185497,"E"
0.0960635998608985,"E"
0.167571975351538,"E"
-0.126229677488889,"E"
0.240463032731849,"E"
0.24402116888028,"E"
0.0576033210827452,"E"
0.165351790355958,"E"
0.145164429801263,"E"
0.0461236172282488,"E"
0.160688941911575,"E"
0.337919588438668,"E"
0.0431995987871451,"E"
0.245579934434221,"E"
0.220008717279573,"E"
-0.0286707386758893,"E"
0.0301164682996082,"E"
0.262784513452393,"E"
0.0960519244565884,"E"
0.0471560631476158,"E"
0.33244484044437,"E"
0.132062569709067,"E"
0.197341974646283,"E"
0.150747835201936,"E"
0.276768891304478,"E"
0.197189733501909,"E"
0.181769906283637,"E"
0.254092160102577,"E"
0.257127447440696,"E"
0.204030925168789,"E"
0.279996243416515,"E"
0.230878852713008,"E"
0.220704261700075,"E"
0.125193019872162,"E"
0.262746529239243,"E"
0.129966168865222,"E"
0.0883897159966871,"E"
0.175583343733177,"E"
0.17349622809656,"E"
0.0814961279394524,"E"
0.10610082613152,"E"
0.115528676180404,"E"
0.0658453148932164,"E"
0.160666958697803,"E"
0.0275557299167094,"E"
0.0329381480226342,"E"
0.0210607471001485,"E"
0.173201886006651,"E"
0.180996372181558,"E"
0.159487937027755,"E"
0.130846119241205,"E"
0.405462340773858,"E"
0.073278315840528,"E"
0.260723177068392,"E"
0.161825770719784,"E"
0.139348862715627,"E"
0.0307105260832287,"E"
0.155540607764115,"E"
0.235179129022737,"E"
0.0303881047670496,"E"
0.0821236489921091,"E"
0.182964743428886,"E"
0.263543612854113,"E"
0.102967307749001,"E"
0.158058488979085,"E"
0.183541521945119,"E"
0.149895873008689,"E"
0.25813767758443,"E"
0.326868046149332,"E"
0.192818825701399,"E"
0.211615474142471,"E"
0.145179264773942,"E"
0.259528409893183,"E"
0.226852862944432,"E"
0.189178442159521,"E"
0.315813615447386,"E"
0.20832029094055,"E"
0.131494911217565,"E"
0.123247059988518,"E"
0.154700598082399,"E"
0.152098957538344,"E"
0.189136269778794,"E"
0.253616875163793,"E"
0.210441568817543,"E"
0.244858494073991,"E"
0.143886977862188,"E"
0.164840892691987,"E"
0.255943536768175,"E"
0.0501770837658143,"E"
0.276770204309892,"E"
0.408434402382518,"E"
0.130975257560405,"E"
0.270161587214166,"E"
0.267347780243364,"E"
0.180969293459322,"E"
0.105709782490656,"E"
0.034799537171202,"E"
0.21630202517109,"E"
0.172080770188999,"E"
0.0686503276826719,"E"
0.00940800290133828,"E"
0.0848562879421138,"E"
0.257579696385241,"E"
0.0700842782166044,"E"
0.157425192340891,"E"
0.228433701064133,"E"
-0.0687829068581871,"E"
0.199178780328536,"E"
0.175131663326317,"E"
-0.0140623210662131,"E"
0.0915522825179356,"E"
0.121471374011275,"E"
0.1024119128636,"E"
0.11572440407758,"E"
0.160745599123031,"E"
0.253487849615548,"E"
0.158203753490155,"E"
0.112172949632753,"E"
0.237818848719194,"E"
0.271514832311694,"E"
0.156779617701703,"E"
0.257428592447696,"E"
0.168809540638687,"E"
0.144526912343352,"E"
0.0796686969957044,"E"
